Cargo,Cargo_CHEBI_id,bio_pref,bio_all
5(6)-carboxyfluorescein (FAM) dye,CHEBI:138465,CHEBI:138465;CHEBI:37958,CHEBI:138460;CHEBI:138465;CHEBI:37958
5(6)âcarboxy-fluorescein (Cf) on C-terminal lysin,CHEBI:138465,,CHEBI:24061;CHEBI:25094;CHEBI:46883;CHEBI:73179
"5[6]-carboxyfluorescein and Bevacizumab and ranibizumab , anti-VEGF antibodies",CHEBI:138465,,CHEBI:140739;CHEBI:16411;CHEBI:166881;CHEBI:24061;CHEBI:46883;CHEBI:81528
AlexaFluor 546 (AF546) fluorescent dye,CHEBI:51760,CHEBI:51121,CHEBI:140911;CHEBI:17995;CHEBI:24061;CHEBI:28221;CHEBI:51121;CHEBI:64260;CHEBI:82578
Amyloidogenic fragment (AF) at N terminal,CHEBI:64645,,CHEBI:37709;CHEBI:73179
Antisense oligonucleotides (Cy3âAON),CHEBI:76720,CHEBI:76720,CHEBI:37987;CHEBI:76720;CHEBI:7754
"Aurein 1,2 (Aur) and Aurein 1,2_mutant (Aurm)",NIL,,
"BSA, FAM and Nile red labelled liposome (PenHA-Lip) loaded with Conbercept(Conb)",CHEBI:166964,CHEBI:35209;CHEBI:52169,CHEBI:16708;CHEBI:35209;CHEBI:52169
Bim and IL-23A mRNA,CHEBI:33699,,CHEBI:33173;CHEBI:33699
Celecoxib (CXB),CHEBI:41423,CHEBI:41423,CHEBI:41423
Cx43(266â283),NIL,,
Cy3b-labeled siRNA,CHEBI:52004,CHEBI:35209,CHEBI:18273;CHEBI:33697;CHEBI:35209;CHEBI:37987
Cy5 or rhodamine dye,CHEBI:37989,CHEBI:32952;CHEBI:37958,CHEBI:32952;CHEBI:37958;CHEBI:37989;CHEBI:4480
Dextran  and IgG- labelled with Alexa Fluor 488,CHEBI:52071,CHEBI:35209;CHEBI:52071;CHEBI:52661,CHEBI:35209;CHEBI:52071;CHEBI:52661
EGFP and MAP 30 protein,CHEBI:36080,CHEBI:36080,CHEBI:140739;CHEBI:16541;CHEBI:36080;CHEBI:6716
EVs and saporin (SAP),NIL,,CHEBI:53704;CHEBI:82546
Epirubicin (EPR),CHEBI:232543,,CHEBI:47898
Exosomes and FAM-tagged G3139-CHOlesterol (18-mer ASO),CHEBI:37926,CHEBI:16113;CHEBI:39010,CHEBI:16113;CHEBI:32875;CHEBI:39005;CHEBI:39010;CHEBI:42485;CHEBI:73614;CHEBI:73837
FAM via glycylglycine linker at N terminus,CHEBI:37926,CHEBI:17201,CHEBI:17201;CHEBI:32386;CHEBI:356445
FAM-labelled at C terminus,CHEBI:37926,CHEBI:35209,CHEBI:35209
FITC dye and Methotrexate (MTX),CHEBI:44185,CHEBI:37958;CHEBI:44185,CHEBI:37926;CHEBI:37958;CHEBI:44185;CHEBI:50681
"FITC, GFP, Apoptin , catalytic subunit (GCLC)",CHEBI:36080,,CHEBI:149681;CHEBI:27007;CHEBI:32402;CHEBI:32990;CHEBI:37710;CHEBI:37926;CHEBI:53704;CHEBI:53732;CHEBI:77853;CHEBI:82546
FITC-labeled Avidin,CHEBI:37926,CHEBI:35209,CHEBI:35209;CHEBI:37926;CHEBI:39214
FITC-labeled and rat Kidins220 amino acid sequence,CHEBI:37926,CHEBI:33709;CHEBI:35209,CHEBI:17268;CHEBI:33704;CHEBI:33709;CHEBI:35209;CHEBI:37926
FITC-labelled at N-terminus,CHEBI:37926,CHEBI:35209,CHEBI:35209;CHEBI:37926
FITC-siVEGF,CHEBI:33697,,CHEBI:140739;CHEBI:37926;CHEBI:73462
Fluor 633 (AF633) dye,CHEBI:137393,CHEBI:37958,CHEBI:24061;CHEBI:37958
Fluorophore (6-carboxy-tetramethylrhodamine),CHEBI:52282,CHEBI:52282,CHEBI:141458;CHEBI:42645;CHEBI:46883;CHEBI:52282
Fluorophore (Alexa),CHEBI:52664,,CHEBI:140911;CHEBI:17995;CHEBI:28221;CHEBI:42645
Fluorophore (TAMARA),CHEBI:52282,,CHEBI:15843;CHEBI:22599;CHEBI:42645
"Fluorophore (TMR, Alexa fluors and Cy3)",CHEBI:37987,,CHEBI:140911;CHEBI:17995;CHEBI:24061;CHEBI:28221;CHEBI:37987;CHEBI:42645
Fluorophore (mCherry),CHEBI:36080,,CHEBI:42645;CHEBI:6804;CHEBI:80254;CHEBI:88428
Fâ²-GpYEEI phosphopeptide,CHEBI:16670,CHEBI:16670,CHEBI:16670;CHEBI:17553;CHEBI:48108;CHEBI:73492
Gemcitabine,CHEBI:175901,CHEBI:175901,CHEBI:175901
Gold nanoparticle and Nanorods,CHEBI:50825,,
Human epidermal growth factor (hEGF)  and FITC dye,CHEBI:74440,CHEBI:37958,CHEBI:140739;CHEBI:15595;CHEBI:17754;CHEBI:33508;CHEBI:37684;CHEBI:37926;CHEBI:37958;CHEBI:64366;CHEBI:8066
Insulin and FITC-labeled at N terminus,CHEBI:145810,CHEBI:145810;CHEBI:35209,CHEBI:145810;CHEBI:35209;CHEBI:37926;CHEBI:5931
"LST, GH15,SEP ; GH15, SEP, and LysK",CHEBI:8005,,CHEBI:133538;CHEBI:18019;CHEBI:25094;CHEBI:29967
Lissamine Rhodamine B dye,CHEBI:52101,CHEBI:37958,CHEBI:37958;CHEBI:52101
"MBP, GFP and BCCP",CHEBI:36080,,
"Nanoparticle (Liposomes), Fluorophore (FITC)",CHEBI:50803,CHEBI:39010;CHEBI:50803,CHEBI:37926;CHEBI:39005;CHEBI:39010;CHEBI:42645;CHEBI:50803
Nanoparticle (siRNA loaded liposmes),CHEBI:50803,CHEBI:39010;CHEBI:50803,CHEBI:16708;CHEBI:18273;CHEBI:33697;CHEBI:39005;CHEBI:39010;CHEBI:50803
Naringenin (NAR),CHEBI:50202,CHEBI:50202,CHEBI:17846;CHEBI:50202
Nucleic acid (pDNA),CHEBI:33696,CHEBI:33696,CHEBI:16991;CHEBI:33696
Nucleic acid (ssDNA oligonucleotide labelled with Alexa-488),CHEBI:33696,CHEBI:33696;CHEBI:35209;CHEBI:7754,CHEBI:140911;CHEBI:17995;CHEBI:28221;CHEBI:33696;CHEBI:35209;CHEBI:7754;CHEBI:9160
Paclitaxel (PTX) and FAM labeled pST1374-cas9 and pGL3-sgRNA,CHEBI:45863,CHEBI:35209;CHEBI:45863,CHEBI:146207;CHEBI:18273;CHEBI:33697;CHEBI:35209;CHEBI:45863
Protein (GST),CHEBI:36080,CHEBI:36080,CHEBI:16541;CHEBI:36080
Protein (Insulin),CHEBI:36080,CHEBI:145810;CHEBI:36080,CHEBI:145810;CHEBI:16541;CHEBI:36080;CHEBI:5931
"Protein (eGFP), Phage",CHEBI:36080,,
Protein kinase C inhibitor (PKCi),CHEBI:36080,,CHEBI:37700
Red fluorophore cyanine dye (Cy5),CHEBI:37989,CHEBI:37960,CHEBI:37960;CHEBI:37989;CHEBI:42645
RepRNA,CHEBI:33697,,CHEBI:18273;CHEBI:33697
Rho-labeled SNAP-tag (enzyme),CHEBI:52764,CHEBI:35209,CHEBI:141395;CHEBI:16234;CHEBI:35209;CHEBI:77702
Rhodamine dye,CHEBI:52764,CHEBI:32952;CHEBI:37958,CHEBI:32952;CHEBI:37958;CHEBI:4480
"SAP (SAF-A/B acinus, and PIAS) domains",NIL,,CHEBI:17268;CHEBI:27637;CHEBI:6520;CHEBI:73630
Small molecule drug (Doxorubicin),CHEBI:28748,CHEBI:23888;CHEBI:25367;CHEBI:28748,CHEBI:15595;CHEBI:23888;CHEBI:25367;CHEBI:28748;CHEBI:64816
TAMRA dye and GFP expression plasmids,CHEBI:52282,CHEBI:24870;CHEBI:37958,CHEBI:24870;CHEBI:30588;CHEBI:37958;CHEBI:52282;CHEBI:53407;CHEBI:60159
YOYO-1 labelled pGL3 plasmid DNA,CHEBI:51224,CHEBI:35209;CHEBI:51224,CHEBI:16991;CHEBI:35209;CHEBI:51224;CHEBI:53407;CHEBI:60159
anti-gyrA PNA,CHEBI:48021,,CHEBI:48021;CHEBI:81528
anti-gyrA antisense PNAs and scrambled PNAs [scPNAs],CHEBI:48021,,CHEBI:40719;CHEBI:48021;CHEBI:59057;CHEBI:81528
eGFP at C terminus,CHEBI:36080,,CHEBI:140739
pEGFP,CHEBI:36080,,CHEBI:140739;CHEBI:46793
pVGF/chitosan complex,CHEBI:16261,CHEBI:16261,CHEBI:140911;CHEBI:16261;CHEBI:17905;CHEBI:17995;CHEBI:28221;CHEBI:57704;CHEBI:7772
5-carboxyfluorescein (5-FAM),CHEBI:51617,CHEBI:51617,CHEBI:51617
"5-methoxyuridine-modified mCherry mRNA, Enhanced green fluorescence protein (EGFP) mRNA  and Ovalbumin (OVA) mRNA",CHEBI:36080,CHEBI:20601;CHEBI:36080,CHEBI:140739;CHEBI:16414;CHEBI:16541;CHEBI:20601;CHEBI:24061;CHEBI:30015;CHEBI:33699;CHEBI:3547;CHEBI:36080;CHEBI:6804;CHEBI:73507;CHEBI:80254;CHEBI:88428
Biotin,CHEBI:15956,CHEBI:15956,CHEBI:15956;CHEBI:57586
Carboxyfluorescein-labeled phosphopeptide (Fâ²-GpYEEI),CHEBI:31624,CHEBI:16670;CHEBI:35209,CHEBI:141422;CHEBI:16670;CHEBI:17553;CHEBI:24061;CHEBI:35209;CHEBI:46883;CHEBI:48108;CHEBI:73492
Copper/zinc superoxide dismutase (SOD1),CHEBI:134084,CHEBI:18421,CHEBI:18421;CHEBI:27363;CHEBI:28694;CHEBI:30049;CHEBI:30052;CHEBI:30185;CHEBI:73657
Doxorubicin (DOX),CHEBI:28748,CHEBI:28748,CHEBI:28748;CHEBI:64816
EGFP protein or FITC,CHEBI:36080,CHEBI:36080,CHEBI:140739;CHEBI:16541;CHEBI:36080;CHEBI:37926
FAM dye,CHEBI:37926,CHEBI:37958,CHEBI:37958
FAM-conjugated,CHEBI:37926,,
FITC and TMR dye,CHEBI:37926,CHEBI:37958,CHEBI:37926;CHEBI:37958
FITC labelled,CHEBI:37926,CHEBI:35209,CHEBI:35209;CHEBI:37926
Fluorophore (Fluorescein),CHEBI:37926,,CHEBI:24061;CHEBI:42645
Fluorophore (rhodamine),CHEBI:37926,CHEBI:32952,CHEBI:32952;CHEBI:42645;CHEBI:4480
GFP1â10 plasmid,CHEBI:36080,,CHEBI:53407;CHEBI:60159
Lysostaphin and LysK,CHEBI:36080,CHEBI:228483,CHEBI:133538;CHEBI:18019;CHEBI:228483;CHEBI:25094;CHEBI:29967
"MART1 epitope , OVACD4 epitope and OVACD8 epitope",CHEBI:36080,CHEBI:203664;CHEBI:53000,CHEBI:195314;CHEBI:203664;CHEBI:53000
NF-YA subunit of the heterotrimeric transcription factor NF-Y,CHEBI:36080,CHEBI:24870;CHEBI:36275,CHEBI:24870;CHEBI:36275;CHEBI:39708;CHEBI:53732;CHEBI:73637
Nucleic acid,CHEBI:33696,CHEBI:33696,CHEBI:33696
Nucleic acid (Plasmid DNA),CHEBI:33696,CHEBI:33696,CHEBI:16991;CHEBI:33696;CHEBI:53407;CHEBI:60159
Nucleic acid (siRNA),CHEBI:33696,CHEBI:33696,CHEBI:18273;CHEBI:33696;CHEBI:33697
Peptide (KLA) and Nanoparticle (DSPC and DSPG liposomes),CHEBI:16670,CHEBI:16670;CHEBI:39010;CHEBI:50803,CHEBI:16670;CHEBI:39005;CHEBI:39010;CHEBI:50803;CHEBI:61056
Photoluminescent multi-shelled quantum dot (QD),CHEBI:50853,CHEBI:50853,CHEBI:29917;CHEBI:48318;CHEBI:50853
Protein (PO and IgG),CHEBI:36080,CHEBI:36080,CHEBI:16541;CHEBI:36080
Salmonella phage selz,CHEBI:16991,,CHEBI:24866;CHEBI:25417;CHEBI:30762;CHEBI:71025;CHEBI:84123
SpyCas9 RNPs,CHEBI:36080,,
StreptavidinâHRP,CHEBI:201453,CHEBI:201453,CHEBI:201453
TAMRA dye and Enhanced green fluorescence protein (eGFP),CHEBI:52282,,
mRNA of EGFP and CFTR,CHEBI:36080,,CHEBI:140739;CHEBI:33699
pEGFP-N1,CHEBI:36080,,CHEBI:140739;CHEBI:46793
siRNA,CHEBI:33696,,CHEBI:18273;CHEBI:33697
(5 k)-DPPE-modified Exosomes,NIL,CHEBI:39010,CHEBI:30669;CHEBI:39005;CHEBI:39010;CHEBI:73507
(PEG)-stabilized gold nanostars (AuNS),CHEBI:52854,,CHEBI:29287;CHEBI:30050;CHEBI:33355;CHEBI:46793;CHEBI:59965
5(6)-carboxyfluorescein (CF) dye,CHEBI:138465,CHEBI:138465;CHEBI:37958,CHEBI:138460;CHEBI:138465;CHEBI:37958
"5(6)-carboxyfluorescein (CF) dye , Daunorubicin (Dau) and mCherry Plasmid",CHEBI:138465,CHEBI:138465;CHEBI:37958;CHEBI:41977,CHEBI:138460;CHEBI:138465;CHEBI:37958;CHEBI:41977;CHEBI:53407;CHEBI:60159;CHEBI:64677;CHEBI:6804;CHEBI:80254;CHEBI:88428
5(6)Ðcarboxytetramethylrhodamine (Rh) on C-terminal lysin,CHEBI:51657,CHEBI:52282,CHEBI:25094;CHEBI:46883;CHEBI:52282;CHEBI:73179
5-carboxytetramethylrhodamine (TAMRA),CHEBI:52282,CHEBI:51657,CHEBI:51657;CHEBI:52282
5-fluorouracil (5-FU)  ; lissamine rhodamine-labelled liposomes,CHEBI:52101,CHEBI:35209;CHEBI:39010;CHEBI:46345;CHEBI:52101,CHEBI:35209;CHEBI:39005;CHEBI:39010;CHEBI:46345;CHEBI:52101;CHEBI:73506
A488 dye,CHEBI:52661,CHEBI:37958,CHEBI:37958
ACPP-HPMA Copolymer-Coated Adenovirus Conjugates,CHEBI:16991,CHEBI:34603;CHEBI:39035;CHEBI:60804,CHEBI:13534;CHEBI:151129;CHEBI:15346;CHEBI:16708;CHEBI:18359;CHEBI:195238;CHEBI:34603;CHEBI:34873;CHEBI:39035;CHEBI:44356;CHEBI:53310;CHEBI:53440;CHEBI:57287;CHEBI:60804
ASF1 peptide inhibitors,CHEBI:16670,CHEBI:16670,CHEBI:16670;CHEBI:35222
ATTO 425 and Tetramethylrhodamine-5-maleimide (TAMRA) at Cysteine,CHEBI:52282,CHEBI:15356;CHEBI:16072;CHEBI:52282,CHEBI:15356;CHEBI:16072;CHEBI:17561;CHEBI:52282;CHEBI:83629
Alexa Fluor 680 (AF680) near-infrared fluorescent dye,CHEBI:51121,CHEBI:51121,CHEBI:140911;CHEBI:17995;CHEBI:24061;CHEBI:28221;CHEBI:51121
Alexa fluor 568 labelled Gold nanoparticles (GNPs) loaded with temozolomide (TMZ),CHEBI:50825,CHEBI:35209;CHEBI:50825;CHEBI:51766;CHEBI:72564,CHEBI:16708;CHEBI:35209;CHEBI:50803;CHEBI:50825;CHEBI:51766;CHEBI:72564
Alexa fluorÂ® 488 at Lys,CHEBI:52661,,CHEBI:133538;CHEBI:140911;CHEBI:17995;CHEBI:18019;CHEBI:24061;CHEBI:25094;CHEBI:28221;CHEBI:29967
"Alexa488 labelled, Tetramethylrhodamine labelled and  siNTC/siSDC4 , loxP-DsRed-loxP-EGFP",CHEBI:52661,CHEBI:35209;CHEBI:52282,CHEBI:140739;CHEBI:140911;CHEBI:17995;CHEBI:28221;CHEBI:35209;CHEBI:52282;CHEBI:63983
Alexa555-labeled siRNA,CHEBI:33696,CHEBI:35209,CHEBI:140911;CHEBI:17995;CHEBI:18273;CHEBI:28221;CHEBI:33697;CHEBI:35209
Alpha-momorcharin (Î±-MMC),CHEBI:36080,,CHEBI:27504;CHEBI:30216;CHEBI:35640
Anti-miR-199a oligonucleotide,CHEBI:7754,CHEBI:7754,CHEBI:7754;CHEBI:81528
Autophagy related 7 (ATG7) siRNA and docetaxel (DTX),CHEBI:33696,,CHEBI:10275;CHEBI:151129;CHEBI:18273;CHEBI:33697;CHEBI:4672;CHEBI:59809;CHEBI:73351
Bim mRNA,CHEBI:33699,,CHEBI:33173;CHEBI:33699
Bone morphogenetic proteinâ7 (BMPâ7),CHEBI:36080,CHEBI:36080,CHEBI:16541;CHEBI:36080;CHEBI:53454;CHEBI:5828;CHEBI:60815
Botulinum neurotoxin serotype A (BoNTA),CHEBI:50910,CHEBI:39054;CHEBI:50910,CHEBI:17115;CHEBI:29999;CHEBI:32386;CHEBI:33098;CHEBI:39054;CHEBI:44557;CHEBI:50910
CF peptide,CHEBI:16670,CHEBI:16670,CHEBI:16670
"CY5/FITC labelled-Three proteins, bovine serum albumin (BSA), peroxidase (HRP) and Î²-galactosidase (Î²-gal)",CHEBI:37989,CHEBI:35209;CHEBI:8027,CHEBI:158283;CHEBI:16449;CHEBI:16977;CHEBI:17115;CHEBI:17364;CHEBI:17716;CHEBI:24786;CHEBI:27432;CHEBI:28260;CHEBI:29999;CHEBI:30014;CHEBI:35209;CHEBI:36080;CHEBI:37926;CHEBI:37989;CHEBI:46217;CHEBI:8027;CHEBI:90184
Calcitriol and PGD2-G-loaded Lipid nanocapsules (LNC),CHEBI:17823,CHEBI:17823;CHEBI:18059,CHEBI:15555;CHEBI:156543;CHEBI:16708;CHEBI:17709;CHEBI:17823;CHEBI:18059;CHEBI:50324;CHEBI:73514
Coumarin-6 loaded PLGA nanoparticles,CHEBI:50803,CHEBI:28794,CHEBI:16708;CHEBI:28794;CHEBI:50803;CHEBI:53374;CHEBI:60533
Cre protein and Rhodamine dye,CHEBI:36080,CHEBI:32952;CHEBI:36080;CHEBI:37958,CHEBI:16541;CHEBI:231490;CHEBI:32952;CHEBI:36080;CHEBI:37958;CHEBI:4480
Cre recombinase,CHEBI:36080,,CHEBI:17905;CHEBI:231490;CHEBI:73179
Curcumin,CHEBI:3962,CHEBI:3962,CHEBI:3962
Cy3-conjugated siRNA,CHEBI:37987,,CHEBI:151129;CHEBI:18273;CHEBI:33697;CHEBI:37987
Cy5-labeled pDNA (fLuc  and gLuc),CHEBI:16991,CHEBI:35209,CHEBI:16015;CHEBI:16991;CHEBI:18237;CHEBI:29972;CHEBI:35209;CHEBI:37989
Cytochrome C,CHEBI:18070,CHEBI:18070,CHEBI:18070
DOCK2-inhibitory peptide (DCpep-2),CHEBI:16670,CHEBI:16670;CHEBI:35222,CHEBI:16670;CHEBI:16973;CHEBI:18021;CHEBI:35222;CHEBI:44897;CHEBI:60424
Dexamethasone sodium phosphate(DexSP),CHEBI:4462,CHEBI:4462,CHEBI:4462
Diapause hormone (caDH) and GFP protein,CHEBI:36080,CHEBI:24621;CHEBI:36080,CHEBI:16541;CHEBI:232302;CHEBI:24621;CHEBI:34543;CHEBI:36080;CHEBI:52024;CHEBI:9937
Docetaxel (DTX) and Chloroquine (CQ),CHEBI:4672,CHEBI:3638,CHEBI:3638;CHEBI:4672;CHEBI:59809
Doxorubicin and astragaloside IV co-modified,CHEBI:28748,CHEBI:28748;CHEBI:65457,CHEBI:28748;CHEBI:64816;CHEBI:65457
Doxorubicin dimer,CHEBI:28748,CHEBI:28748,CHEBI:28748;CHEBI:50182;CHEBI:64816
Enhanced green fluorescent protein (EGFP),CHEBI:36080,CHEBI:36080,CHEBI:140739;CHEBI:16541;CHEBI:24061;CHEBI:3547;CHEBI:36080;CHEBI:48318
FAM-GAPDH siRNA,CHEBI:37926,,CHEBI:17138;CHEBI:18273;CHEBI:33697;CHEBI:73611
FAM-labelled micelles loaded Doxorubicin (DOX),CHEBI:37926,CHEBI:28748;CHEBI:35209,CHEBI:16708;CHEBI:28748;CHEBI:35209;CHEBI:59059;CHEBI:60125;CHEBI:64816
FAM-labelled siRNA,CHEBI:37926,CHEBI:35209,CHEBI:18273;CHEBI:33697;CHEBI:35209
FAM-siRNA liposome,CHEBI:37926,,CHEBI:18273;CHEBI:33697;CHEBI:73613
FIT-DNA1,CHEBI:16991,,CHEBI:16991
FITC,CHEBI:37926,,CHEBI:37926
FITC dye and DNase I protein,CHEBI:37926,CHEBI:36080;CHEBI:37958,CHEBI:16541;CHEBI:16991;CHEBI:36080;CHEBI:37926;CHEBI:37958
FITC dye and Imatinib drug,CHEBI:37926,CHEBI:23888;CHEBI:37958;CHEBI:45783,CHEBI:23888;CHEBI:37926;CHEBI:37958;CHEBI:45783
FITC dye and Î²-galactosidase enzyme,CHEBI:37926,CHEBI:37958,CHEBI:158283;CHEBI:16449;CHEBI:16977;CHEBI:17364;CHEBI:17716;CHEBI:24786;CHEBI:27432;CHEBI:28260;CHEBI:37926;CHEBI:37958;CHEBI:46217;CHEBI:90184
FITC-CDDP(cisplatin ),CHEBI:37926,CHEBI:27899,CHEBI:27899;CHEBI:37926
FITC-HSA,CHEBI:37926,,CHEBI:37926
FITC-conjugated at N terminus,CHEBI:37926,,CHEBI:151129;CHEBI:37926
FITC-labeled PGLA nanoparticles loaded with paclitaxel,CHEBI:37926,CHEBI:201475;CHEBI:35209;CHEBI:45863,CHEBI:16708;CHEBI:201475;CHEBI:35209;CHEBI:37926;CHEBI:45863;CHEBI:50803
"FITC-labeled pCas12f pDNA , MC Cas9-Cre",CHEBI:16991,CHEBI:35209,CHEBI:16991;CHEBI:231490;CHEBI:35209;CHEBI:36751;CHEBI:37926
FITC-labelled  Quantum dot (QD),CHEBI:50853,CHEBI:35209;CHEBI:50853,CHEBI:35209;CHEBI:37926;CHEBI:50853
FITC-labelled Superoxide dismutase (SOD),CHEBI:134084,CHEBI:18421;CHEBI:35209,CHEBI:18421;CHEBI:30049;CHEBI:35209;CHEBI:37926;CHEBI:73657
Fas-associated death domain (FADD),CHEBI:36080,CHEBI:16238,CHEBI:151129;CHEBI:16238;CHEBI:27637;CHEBI:27880;CHEBI:34478;CHEBI:40799;CHEBI:57692;CHEBI:73627;CHEBI:76181;CHEBI:85259
Fluc mRNA,CHEBI:33699,,CHEBI:33699
Fluorescein dye,CHEBI:37926,CHEBI:37958,CHEBI:24061;CHEBI:37958
Fluorescein isothiocyanate (FITC)  dye,CHEBI:37926,CHEBI:37926;CHEBI:37958,CHEBI:37926;CHEBI:37958
Fluorescein isothiocyanate (FITC)-labeled Interleukin-24 (IL-24) at C-terminal of TAT,CHEBI:37926,CHEBI:35209;CHEBI:37926,CHEBI:15603;CHEBI:25017;CHEBI:30006;CHEBI:35209;CHEBI:37926;CHEBI:73179
Fluorescein-GpYEEI and Epirubicin,CHEBI:232543,,CHEBI:24061;CHEBI:47898;CHEBI:73422;CHEBI:73492
Fluorescent polymer dots (Pdots),CHEBI:60027,CHEBI:60027,CHEBI:24061;CHEBI:33839;CHEBI:48318;CHEBI:60027
Fluorescently labeled CaM_binding sequence (CBS_E2),CHEBI:36080,CHEBI:35209,CHEBI:24061;CHEBI:35209;CHEBI:48318
Fluorometholone-loaded PEG-PLGA nanoparticles (NPs),CHEBI:50803,CHEBI:31625,CHEBI:16708;CHEBI:31625;CHEBI:46793;CHEBI:50803;CHEBI:53374;CHEBI:60533;CHEBI:73506
Fluorophor (TMR),CHEBI:51891,,CHEBI:42645
Fluorophore (5-Carboxyfluorescein),CHEBI:51617,CHEBI:51617,CHEBI:42645;CHEBI:51617
Fluorophore [5-carboxyfluorescein (FAM)],CHEBI:37926,CHEBI:51617,CHEBI:42645;CHEBI:51617
G7-18NATE Peptide,CHEBI:16670,CHEBI:16670,CHEBI:16670;CHEBI:82508
GFP-binding nanobodies (GBP4) at N terminus,CHEBI:36080,,CHEBI:16411;CHEBI:27986
"Gambogic acid(GA), nanostructured lipid carrier(NLC) , coumarin-7",CHEBI:67521,CHEBI:18059;CHEBI:28794;CHEBI:37527;CHEBI:50795,CHEBI:18059;CHEBI:28794;CHEBI:37527;CHEBI:40719;CHEBI:50795;CHEBI:78059
Gold nanoparticles ( PEG-AuNPs),CHEBI:50825,CHEBI:50825,CHEBI:46793;CHEBI:50803;CHEBI:50825
Gold nanorods (GNR),CHEBI:50825,,CHEBI:29287;CHEBI:30050;CHEBI:50805;CHEBI:59965
HIV-1 Nef and Hsp20-Nef proteins,CHEBI:36080,,CHEBI:36080;CHEBI:50430
Histone H3 derived peptide (H3K4me3),CHEBI:16670,CHEBI:16670;CHEBI:234587;CHEBI:85043,CHEBI:16670;CHEBI:234587;CHEBI:85043
Human metallothionein 1A (hMT1A),CHEBI:36080,,CHEBI:16000;CHEBI:16044;CHEBI:16643;CHEBI:16811;CHEBI:36579;CHEBI:37684;CHEBI:37710;CHEBI:53460;CHEBI:6824;CHEBI:71488
HuscFv27 antibody,CHEBI:36080,,CHEBI:81528
IL-22BP mRNA,CHEBI:33699,,CHEBI:33699
Insulin loaded Phosphoserine (Pho) conjugated PLGA NPs,CHEBI:145810,CHEBI:145810,CHEBI:145810;CHEBI:151129;CHEBI:15811;CHEBI:16708;CHEBI:37712;CHEBI:45522;CHEBI:53374;CHEBI:5931;CHEBI:60533
KLK12-siRNA,CHEBI:33696,,CHEBI:18273;CHEBI:33697;CHEBI:60739
Leucine-rich repeat domain (LRR) of NLRX1,CHEBI:36080,CHEBI:25017,CHEBI:15603;CHEBI:157844;CHEBI:25017;CHEBI:27637;CHEBI:71467
MBPâRFPâCyaA  fusion protein,CHEBI:36080,CHEBI:24870;CHEBI:36080,CHEBI:16541;CHEBI:24870;CHEBI:28077;CHEBI:30588;CHEBI:36080
Manganese superoxide dismutase (MnSOD),CHEBI:134084,,CHEBI:136511;CHEBI:137270;CHEBI:30049;CHEBI:73657
Murine cytomegalovirus protein (M45)-RHIM proteins,CHEBI:36080,CHEBI:36080;CHEBI:6617,CHEBI:16040;CHEBI:16541;CHEBI:28118;CHEBI:28260;CHEBI:36080;CHEBI:6617
Nanoparticle (Cy3-labeled nanoparticles complexed with DNA),CHEBI:50803,CHEBI:35209;CHEBI:50803,CHEBI:140911;CHEBI:16991;CHEBI:17905;CHEBI:17995;CHEBI:28221;CHEBI:35209;CHEBI:37987;CHEBI:50803;CHEBI:7772
"Nanoparticle (LMWP/PLGA nanoparticles), Small molecule drug (Doxorubicin)",CHEBI:50803,CHEBI:23888;CHEBI:25367;CHEBI:28748;CHEBI:50803,CHEBI:15595;CHEBI:23888;CHEBI:25367;CHEBI:28748;CHEBI:50803;CHEBI:53374;CHEBI:60533;CHEBI:64816
"Nanoparticle (PTX with liposome), GSH",CHEBI:50803,CHEBI:50803,CHEBI:146207;CHEBI:16856;CHEBI:50803
Nanoparticle [salmon calcitonin (sCT)-loaded SLNs (Solid Lipid Nanoparticle)],CHEBI:50803,CHEBI:18059;CHEBI:50803,CHEBI:137262;CHEBI:16708;CHEBI:18059;CHEBI:3306;CHEBI:50803
Nanoparticles (LPNs) loaded with Docetaxel (DTX) and plasmid DNA,CHEBI:4672,,CHEBI:16708;CHEBI:16991;CHEBI:4672;CHEBI:50803;CHEBI:53407;CHEBI:59809;CHEBI:60159
Nucleic acid (Plasmid DNA and siRNA),CHEBI:33696,CHEBI:33696,CHEBI:16991;CHEBI:18273;CHEBI:33696;CHEBI:33697;CHEBI:53407;CHEBI:60159
Nucleic acid (SCO),CHEBI:33696,CHEBI:33696,CHEBI:33696
Olsalazine (Olsa),CHEBI:7770,CHEBI:7770,CHEBI:7770
PEGylated liposomes loaded with doxorubicin (DOX) or FAM (dye),CHEBI:28748,CHEBI:28748;CHEBI:37958;CHEBI:39010,CHEBI:151129;CHEBI:16708;CHEBI:28748;CHEBI:37958;CHEBI:39005;CHEBI:39010;CHEBI:46793;CHEBI:64816
PR-PPD peptides,CHEBI:16670,,CHEBI:16670;CHEBI:16997;CHEBI:51403;CHEBI:53543;CHEBI:61605
Peptide (HBcAg18 27-Tapasin),CHEBI:16670,CHEBI:16670,CHEBI:143872;CHEBI:16670;CHEBI:232920;CHEBI:27565;CHEBI:53713
Peptide [Ca2+ channel binding domain 9CBD3)],CHEBI:16670,CHEBI:16670,CHEBI:16670;CHEBI:27637;CHEBI:29108
Peptides NR2B9c and N-dimer,CHEBI:16670,,CHEBI:16670;CHEBI:50182;CHEBI:73419
Plasmid DNA (pGL3),CHEBI:33696,,CHEBI:16991;CHEBI:53407;CHEBI:60159
Polo-like kinase 1 specific siRNA (siPLK1),CHEBI:33696,,CHEBI:18273;CHEBI:33697;CHEBI:39299;CHEBI:60739;CHEBI:73179
Porcine Mx1 (poMx1),CHEBI:36080,,CHEBI:16536
Porphyrin derivative at N terminus and radiolabeled with 68GaCl3,CHEBI:8337,CHEBI:23824;CHEBI:35209;CHEBI:8337,CHEBI:23824;CHEBI:33325;CHEBI:35209;CHEBI:8337;CHEBI:8387
Prdx6 protein,CHEBI:36080,CHEBI:36080,CHEBI:16541;CHEBI:24556;CHEBI:36080
Protein (Avidin-FITC),CHEBI:37926,CHEBI:36080,CHEBI:141424;CHEBI:16541;CHEBI:36080;CHEBI:37926;CHEBI:39214
RNPs of Cas9 or Cpf1 (AsCas12a),CHEBI:36080,,
Rhodamine-labeled Elastin like polypeptide (ELP) loaded p50,CHEBI:52764,CHEBI:15841;CHEBI:32952;CHEBI:35209;CHEBI:4767,CHEBI:15841;CHEBI:16708;CHEBI:32952;CHEBI:35209;CHEBI:4480;CHEBI:4767;CHEBI:73506
Stapled peptide SP9 and Cy3 dye,CHEBI:16670,CHEBI:16670;CHEBI:37987,CHEBI:16670;CHEBI:37987;CHEBI:37990
Stearoyl-modified bombesin (Bom) micelles,CHEBI:80229,CHEBI:80229,CHEBI:26753;CHEBI:59059;CHEBI:60125;CHEBI:73584;CHEBI:80229
Superoxide dismutases mimic (Mn1),CHEBI:134084,CHEBI:18421,CHEBI:18421;CHEBI:30049;CHEBI:59059;CHEBI:73657
T7-EEB phage,CHEBI:16991,,CHEBI:84123
TAMRA dye and MTX (Methotrexate),CHEBI:52282,CHEBI:37958;CHEBI:44185,CHEBI:37958;CHEBI:44185;CHEBI:50681;CHEBI:52282
TPETPAFN and TPAFN,NIL,,CHEBI:134760;CHEBI:15702;CHEBI:30360;CHEBI:37537;CHEBI:44811;CHEBI:52450;CHEBI:61432
Tacrine,CHEBI:45980,CHEBI:45980,CHEBI:187896;CHEBI:45980
Technetium 99m (99mTc)  and Cyanine5.5 (Cy5.5) dye,CHEBI:33353,CHEBI:37958,CHEBI:137273;CHEBI:33353;CHEBI:37958;CHEBI:37989;CHEBI:52295
Triptolide (TP),CHEBI:9747,CHEBI:9747,CHEBI:9747
Truncated Pseudomonas aeruginosa exotoxin.,NIL,CHEBI:27026,CHEBI:149681;CHEBI:151129;CHEBI:25417;CHEBI:27026;CHEBI:27190;CHEBI:32402;CHEBI:63281
Tyrosinase-related protein 2 (Trp2),CHEBI:36080,CHEBI:36080,CHEBI:10275;CHEBI:151129;CHEBI:157844;CHEBI:16541;CHEBI:16828;CHEBI:18186;CHEBI:27897;CHEBI:29954;CHEBI:36080;CHEBI:73179
VEGF FAM-GAPDH siRNA and Cy5-lamin ASOs,CHEBI:37926,,CHEBI:140739;CHEBI:17138;CHEBI:18273;CHEBI:32952;CHEBI:33697;CHEBI:37989;CHEBI:59524;CHEBI:73611
aminoglycoside tobramycin at C terminal,CHEBI:47779,CHEBI:221627;CHEBI:28864;CHEBI:47779,CHEBI:221627;CHEBI:28864;CHEBI:47779;CHEBI:73179;CHEBI:73678
"anti-gyrA PNA , anti-gyrA scPNA",CHEBI:48021,,CHEBI:48021;CHEBI:59057;CHEBI:81528
"avidin-Î²-Gal , BSA-FITC , DTAF-MART-1 antigen",CHEBI:37926,CHEBI:59132,CHEBI:28260;CHEBI:37926;CHEBI:39214;CHEBI:59132;CHEBI:60481;CHEBI:90923;CHEBI:90926
eGFP,CHEBI:36080,,CHEBI:140739
glucagon-like peptide-2 (GLP-2),CHEBI:16670,CHEBI:16670;CHEBI:5391,CHEBI:141422;CHEBI:16670;CHEBI:5391;CHEBI:80271
pEGFP-N1 plasmid and FITC dye,CHEBI:33696,CHEBI:37958,CHEBI:140739;CHEBI:37926;CHEBI:37958;CHEBI:46793;CHEBI:53407;CHEBI:60159
pEGFP-N2,CHEBI:36080,,CHEBI:140739;CHEBI:46793
pHBT-sGFP(S65T),CHEBI:36080,,CHEBI:115196;CHEBI:180629;CHEBI:53388;CHEBI:73664
pHK peptide and 7-Amino-4-Methylcoumarin Fluorescent dye,CHEBI:16670,CHEBI:16670;CHEBI:51121,CHEBI:16670;CHEBI:51121;CHEBI:51771
pRFP and FAM dye,CHEBI:37926,CHEBI:37958,CHEBI:28077;CHEBI:37958
"pSMD2Luc_ITR and FLuc mRNA , EGFP mRNA , Cyanine 5 Fluc mRNA",CHEBI:33699,,CHEBI:140739;CHEBI:33699;CHEBI:52295
pVAXI-En and pEGFP-N1 plasmids,CHEBI:33696,,CHEBI:137259;CHEBI:140739;CHEBI:17246;CHEBI:46793;CHEBI:53407;CHEBI:53706;CHEBI:60159
pZNF581,NIL,,
pcDNA3.1-Nef,NIL,,CHEBI:16991
"ppAKT1(T308,S473) and pAKT1(S473)",CHEBI:36080,,CHEBI:8104
rNef-Vif-Gp160-P24 and rNef-Vpu-Gp160-P24 polyepitope peptides,CHEBI:16670,CHEBI:53000,CHEBI:16670;CHEBI:53000;CHEBI:73635;CHEBI:73638
silver-based nanoparticles (AgNPs) labelled with CF555 fluorescent dye,CHEBI:50826,CHEBI:22695;CHEBI:35209;CHEBI:51121,CHEBI:18282;CHEBI:22695;CHEBI:30512;CHEBI:35209;CHEBI:50803;CHEBI:50826;CHEBI:51121;CHEBI:9141
Î²-gal protein and  RNase T1,CHEBI:36080,CHEBI:36080,CHEBI:16541;CHEBI:18273;CHEBI:28260;CHEBI:33697;CHEBI:36080
(6-FAM)-BACE1 siRNA,CHEBI:37926,,CHEBI:18273;CHEBI:33697;CHEBI:39073
9D11 mAB,CHEBI:36080,,
Alpha-melanocyte-stimulating hormone (Î±-MSH) at C terminus,CHEBI:195325,CHEBI:24621,CHEBI:10275;CHEBI:16040;CHEBI:16768;CHEBI:24621;CHEBI:27007;CHEBI:30216;CHEBI:32875;CHEBI:32990;CHEBI:73509
Amine-modified 59-nt oligodeoxynucleotide (ODN),CHEBI:232583,CHEBI:32952;CHEBI:36976,CHEBI:29354;CHEBI:31015;CHEBI:32952;CHEBI:36976;CHEBI:73507
Antisense oligonucleotides (ASOs) ;PMOs,CHEBI:76720,CHEBI:76720,CHEBI:76720;CHEBI:7754
AÎ² peptides (AÎ²1-6A2V(D)),CHEBI:16670,,CHEBI:16670
Camptothecin (CPT),CHEBI:27656,CHEBI:27656,CHEBI:27656
Chlorin e6 Phospholipid,CHEBI:168630,CHEBI:16247;CHEBI:168630,CHEBI:16247;CHEBI:168630
Cyanine-3 labelled PLGA nanoparticles (NPs),CHEBI:50803,CHEBI:35209,CHEBI:35209;CHEBI:50803;CHEBI:52295;CHEBI:53374;CHEBI:60533
Cyanine-5.5-labeled,CHEBI:52003,CHEBI:35209,CHEBI:35209;CHEBI:52295
Ergosterol (ERG) loaded diamminedichloridoplatinum(II) [DDP] liposomes (LIP),CHEBI:16933,CHEBI:16933;CHEBI:39010,CHEBI:162704;CHEBI:16708;CHEBI:16933;CHEBI:39005;CHEBI:39010;CHEBI:51214
FAM-labeled Anti-c-Myc siRNA,CHEBI:37926,CHEBI:35209,CHEBI:18273;CHEBI:33697;CHEBI:35209;CHEBI:50308;CHEBI:81528
FAM-labeled Anti-c-myc siRNA,CHEBI:37926,CHEBI:35209,CHEBI:18273;CHEBI:33697;CHEBI:35209;CHEBI:50308;CHEBI:81528
FER siRNA,CHEBI:33696,,CHEBI:18248;CHEBI:18273;CHEBI:33697
FITC conjugated PNA targeting the duck HBV (DHBV),CHEBI:48021,,CHEBI:151129;CHEBI:16467;CHEBI:27007;CHEBI:29952;CHEBI:32990;CHEBI:37926;CHEBI:48021;CHEBI:53454
FITC-BSA,CHEBI:37926,,CHEBI:37926
FITC-HSA  conjugated with paclitaxel / thioredoxin /doxorubicin,CHEBI:28748,CHEBI:15033;CHEBI:28748;CHEBI:45863,CHEBI:15033;CHEBI:151129;CHEBI:15967;CHEBI:28748;CHEBI:37926;CHEBI:45863;CHEBI:64816
FITC-labeled & Magainin,CHEBI:80186,CHEBI:35209,CHEBI:35209;CHEBI:37926
Fluorescein-labeled 70 kDa dextran (Dex70-FL),CHEBI:52071,CHEBI:35209;CHEBI:52071,CHEBI:141422;CHEBI:24061;CHEBI:35209;CHEBI:52071
Fluorophore (5-FAM),CHEBI:37926,,CHEBI:42645;CHEBI:51617
Fluorophore (5-FAM) and MTS,CHEBI:37926,,CHEBI:42645;CHEBI:51617
Fluorophore (TMR-5(6)C2- maleimide),NIL,CHEBI:16072,CHEBI:16072;CHEBI:42645
Fluorophore (iodine),CHEBI:16382,,CHEBI:17606;CHEBI:24859;CHEBI:42645
GFP modified with adamantane (Ad) tags,CHEBI:36080,CHEBI:40519,CHEBI:40519;CHEBI:73350
HPV16L2-88 peptide,CHEBI:16670,CHEBI:16670,CHEBI:16670
Hsp70-2 chaperone,CHEBI:36080,CHEBI:86614,CHEBI:50430;CHEBI:78235;CHEBI:86614
Indole-3-acetic acid-based DNA primase/gyrase via amide bond,CHEBI:16411,CHEBI:16411;CHEBI:22695;CHEBI:32988,CHEBI:16411;CHEBI:16991;CHEBI:18282;CHEBI:22695;CHEBI:25427;CHEBI:29337;CHEBI:32988;CHEBI:63620
KAAK peptide,CHEBI:16670,CHEBI:16670,CHEBI:16670
KGGK peptide,CHEBI:16670,CHEBI:16670,CHEBI:16670
KKKK peptide,CHEBI:16670,CHEBI:16670,CHEBI:16670
KLAK peptide,CHEBI:16670,CHEBI:16670,CHEBI:16670
KLAKLAK peptide,CHEBI:16670,CHEBI:16670,CHEBI:16670
Luminescent iridium(III) complex at N-terminus,CHEBI:49704,,CHEBI:140911;CHEBI:17905;CHEBI:17995;CHEBI:28221;CHEBI:48318;CHEBI:49704;CHEBI:7772
Metallothionein (MT),CHEBI:36080,,CHEBI:16000;CHEBI:16044;CHEBI:16643;CHEBI:16811;CHEBI:36579;CHEBI:37710;CHEBI:53460;CHEBI:71488
Morpholino (MO),CHEBI:33696,,CHEBI:16760;CHEBI:32386
Myxovirus resistance protein 1 (Mx1) at N terminus,CHEBI:36080,CHEBI:36080,CHEBI:16541;CHEBI:36080
NEMO-binding domain (NBD) peptide,CHEBI:16670,CHEBI:16670,CHEBI:16670;CHEBI:27637;CHEBI:44485
Nanoparticle (Rhodamine labelled miscelles and Liposomes),CHEBI:50803,CHEBI:32952;CHEBI:35209;CHEBI:39010;CHEBI:50803,CHEBI:32952;CHEBI:35209;CHEBI:39005;CHEBI:39010;CHEBI:4480;CHEBI:50803;CHEBI:60125
"Nanoparticle, Protein (eGFP)",CHEBI:50803,CHEBI:36080;CHEBI:50803,CHEBI:140739;CHEBI:16541;CHEBI:36080;CHEBI:50803
Nanostructured lipid carriers (NLC) loaded with lidocaine hydrochloride (LID),CHEBI:50512,CHEBI:18059;CHEBI:50512;CHEBI:50795,CHEBI:16708;CHEBI:18059;CHEBI:50512;CHEBI:50795;CHEBI:60791;CHEBI:78059
Near-infrared (NIR)-emitting persistent luminescence nanoparticles (PLNP),CHEBI:50803,,CHEBI:134803;CHEBI:27007;CHEBI:27847;CHEBI:32990;CHEBI:50803;CHEBI:53620
P16 and its derivatives,CHEBI:36080,,
P42-TAT incorporated in a water-in-oil microemulsion,CHEBI:16670,CHEBI:15377;CHEBI:24870,CHEBI:151129;CHEBI:15377;CHEBI:24870;CHEBI:29898;CHEBI:30588;CHEBI:59059
PNA targeting the duck HBV (DHBV),CHEBI:48021,,CHEBI:16467;CHEBI:27007;CHEBI:29952;CHEBI:32990;CHEBI:48021;CHEBI:53454
PSD-95 sequences (TP95259 aa 259-284),CHEBI:16670,,
PTEN gene at N terminus,CHEBI:33696,,
Paclitaxel (PTX) loaded nanoparticles,CHEBI:50803,CHEBI:45863,CHEBI:146207;CHEBI:16708;CHEBI:45863;CHEBI:50803
Peptide (PKA inhibitory peptide),CHEBI:16670,CHEBI:16670,CHEBI:16670;CHEBI:50925;CHEBI:85094
Peptide [Ca2+ channel binding domain 9CBD3)] and Fluorophore (FITC),CHEBI:16670,CHEBI:16670,CHEBI:16670;CHEBI:27637;CHEBI:29108;CHEBI:37926;CHEBI:42645
Peptide [Pep-5 (LVVLGKL)],CHEBI:16670,CHEBI:16670,CHEBI:16670;CHEBI:18021;CHEBI:44897
Peptide [Pep-5 (WE)],CHEBI:16670,CHEBI:16670,CHEBI:16670;CHEBI:18021;CHEBI:44897
Peptide [Pep-5 (WELVVLG)],CHEBI:16670,CHEBI:16670,CHEBI:16670;CHEBI:18021;CHEBI:44897
Peptide [Pep-5 (WELVVLGK)],CHEBI:16670,CHEBI:16670,CHEBI:16670;CHEBI:18021;CHEBI:44897
Peptide [Pep-5 derivative (WELVVLGKL)],CHEBI:16670,CHEBI:16670,CHEBI:16670;CHEBI:18021;CHEBI:44897
Plasmid pUMVC3-hIL12,CHEBI:33696,,CHEBI:53407;CHEBI:60159
Platinum nanoparticles (PtNPs),CHEBI:50803,CHEBI:50831,CHEBI:33400;CHEBI:46149;CHEBI:50803;CHEBI:50831;CHEBI:53067
"Protein (?-galactosidase, eGFP), Phages",CHEBI:36080,CHEBI:36080,CHEBI:140739;CHEBI:158283;CHEBI:16449;CHEBI:16541;CHEBI:16977;CHEBI:17364;CHEBI:17716;CHEBI:24786;CHEBI:27432;CHEBI:28260;CHEBI:36080;CHEBI:46217;CHEBI:84123;CHEBI:90184
"Protein (Cu,Zn-superoxide dismutase)",CHEBI:36080,CHEBI:18421;CHEBI:36080,CHEBI:16541;CHEBI:18421;CHEBI:30049;CHEBI:36080;CHEBI:73426;CHEBI:73657
Qdot585  (quantum dots),CHEBI:50853,CHEBI:50853,CHEBI:50853
"TAMRA (~450Da), anti-GFP nanobody GBP1 (~14 kDa),NLS-mCherry( ~28 kDa)",CHEBI:52282,,CHEBI:27986;CHEBI:52282;CHEBI:6804;CHEBI:80254;CHEBI:81528;CHEBI:88428
TSP2HD antigen (hydrophilic domain of the S. japonicum tetraspanin-2),CHEBI:36080,CHEBI:59132,CHEBI:17053;CHEBI:22660;CHEBI:27385;CHEBI:27637;CHEBI:29958;CHEBI:53198;CHEBI:53704;CHEBI:59132;CHEBI:61477;CHEBI:63620;CHEBI:82546;CHEBI:85487
Tridecapeptide(ZOâ1 recognition unit) via three glycine spacer,CHEBI:16670,CHEBI:15428;CHEBI:16670;CHEBI:24870,CHEBI:15428;CHEBI:16670;CHEBI:16857;CHEBI:17761;CHEBI:23574;CHEBI:23580;CHEBI:24870;CHEBI:29947;CHEBI:30013;CHEBI:33369;CHEBI:57305;CHEBI:64366;CHEBI:8062
Triptolide (C-14 hydroxyl group derivatives of TP),CHEBI:9747,CHEBI:9747,CHEBI:43176;CHEBI:9747
Triptolide (TPL),CHEBI:9747,CHEBI:9747,CHEBI:9747
Ubiquitin (Ub),CHEBI:36080,,CHEBI:27007;CHEBI:32990
c-Myc peptide,CHEBI:16670,CHEBI:16670,CHEBI:16670
nanocomplexes of PHEA-g-bAPAE-PEG-MLB copolymer,CHEBI:60804,CHEBI:60804,CHEBI:140911;CHEBI:16000;CHEBI:17295;CHEBI:17905;CHEBI:17995;CHEBI:232920;CHEBI:25650;CHEBI:28044;CHEBI:28221;CHEBI:29022;CHEBI:29997;CHEBI:46793;CHEBI:50324;CHEBI:53310;CHEBI:53713;CHEBI:60804;CHEBI:73508;CHEBI:74120;CHEBI:7772
plasmid green fluorescence protein (pGFP),CHEBI:33696,CHEBI:36080,CHEBI:16541;CHEBI:24061;CHEBI:26340;CHEBI:36080;CHEBI:53407;CHEBI:60159
siRNA labelled with Alexa488,CHEBI:33696,CHEBI:35209,CHEBI:140911;CHEBI:17995;CHEBI:18273;CHEBI:28221;CHEBI:33697;CHEBI:35209;CHEBI:63983
siRNA labelled with Alexa490,CHEBI:33696,CHEBI:35209,CHEBI:140911;CHEBI:17995;CHEBI:18273;CHEBI:28221;CHEBI:33697;CHEBI:35209;CHEBI:63983
siRNA labelled with Alexa491,CHEBI:33696,CHEBI:35209,CHEBI:140911;CHEBI:17995;CHEBI:18273;CHEBI:28221;CHEBI:33697;CHEBI:35209;CHEBI:63983
siRNA labelled with Alexa494,CHEBI:33696,CHEBI:35209,CHEBI:140911;CHEBI:17995;CHEBI:18273;CHEBI:28221;CHEBI:33697;CHEBI:35209;CHEBI:63983
Î²-gal modified with adamantane (Ad) tags,CHEBI:36080,CHEBI:40519,CHEBI:28260;CHEBI:40519;CHEBI:73350
