http://identifiers.org/ensembl/ENSG00000000938	http://purl.obolibrary.org/obo/GO_0006909
http://identifiers.org/ensembl/ENSG00000005421	http://purl.obolibrary.org/obo/GO_0072583
http://identifiers.org/ensembl/ENSG00000005844	http://purl.obolibrary.org/obo/GO_0072584
http://identifiers.org/ensembl/ENSG00000005884	http://purl.obolibrary.org/obo/GO_0072584
http://identifiers.org/ensembl/ENSG00000005961	http://purl.obolibrary.org/obo/GO_0072584
http://identifiers.org/ensembl/ENSG00000006125	http://purl.obolibrary.org/obo/GO_0072583
http://identifiers.org/ensembl/ENSG00000006451	http://purl.obolibrary.org/obo/GO_0044351
http://identifiers.org/ensembl/ENSG00000006740	http://purl.obolibrary.org/obo/GO_0044351
http://identifiers.org/ensembl/ENSG00000010810	http://purl.obolibrary.org/obo/GO_0006909
http://identifiers.org/ensembl/ENSG00000010810	http://purl.obolibrary.org/obo/GO_0072584
http://identifiers.org/ensembl/ENSG00000011405	http://purl.obolibrary.org/obo/GO_0044351
http://identifiers.org/ensembl/ENSG00000011405	http://purl.obolibrary.org/obo/GO_0072583
http://identifiers.org/ensembl/ENSG00000015285	http://purl.obolibrary.org/obo/GO_0006909
http://identifiers.org/ensembl/ENSG00000015285	http://purl.obolibrary.org/obo/GO_0160294
http://identifiers.org/ensembl/ENSG00000017427	http://purl.obolibrary.org/obo/GO_0072583
http://identifiers.org/ensembl/ENSG00000019991	http://purl.obolibrary.org/obo/GO_0044351
http://identifiers.org/ensembl/ENSG00000024422	http://purl.obolibrary.org/obo/GO_0072584
http://identifiers.org/ensembl/ENSG00000026508	http://purl.obolibrary.org/obo/GO_0160294
http://identifiers.org/ensembl/ENSG00000027075	http://purl.obolibrary.org/obo/GO_0006909
http://identifiers.org/ensembl/ENSG00000027075	http://purl.obolibrary.org/obo/GO_0044351
http://identifiers.org/ensembl/ENSG00000028528	http://purl.obolibrary.org/obo/GO_0044351
http://identifiers.org/ensembl/ENSG00000033327	http://purl.obolibrary.org/obo/GO_0006909
http://identifiers.org/ensembl/ENSG00000035403	http://purl.obolibrary.org/obo/GO_0160294
http://identifiers.org/ensembl/ENSG00000042753	http://purl.obolibrary.org/obo/GO_0072583
http://identifiers.org/ensembl/ENSG00000043462	http://purl.obolibrary.org/obo/GO_0006909
http://identifiers.org/ensembl/ENSG00000049245	http://purl.obolibrary.org/obo/GO_0006909
http://identifiers.org/ensembl/ENSG00000051382	http://purl.obolibrary.org/obo/GO_0044351
http://identifiers.org/ensembl/ENSG00000051382	http://purl.obolibrary.org/obo/GO_0072583
http://identifiers.org/ensembl/ENSG00000051382	http://purl.obolibrary.org/obo/GO_0160294
http://identifiers.org/ensembl/ENSG00000053770	http://purl.obolibrary.org/obo/GO_0072583
http://identifiers.org/ensembl/ENSG00000055163	http://purl.obolibrary.org/obo/GO_0160294
http://identifiers.org/ensembl/ENSG00000059915	http://purl.obolibrary.org/obo/GO_0160294
http://identifiers.org/ensembl/ENSG00000061676	http://purl.obolibrary.org/obo/GO_0160294
http://identifiers.org/ensembl/ENSG00000063245	http://purl.obolibrary.org/obo/GO_0072583
http://identifiers.org/ensembl/ENSG00000063245	http://purl.obolibrary.org/obo/GO_0072584
http://identifiers.org/ensembl/ENSG00000065000	http://purl.obolibrary.org/obo/GO_0072583
http://identifiers.org/ensembl/ENSG00000065135	http://purl.obolibrary.org/obo/GO_0006909
http://identifiers.org/ensembl/ENSG00000065534	http://purl.obolibrary.org/obo/GO_0072584
http://identifiers.org/ensembl/ENSG00000065600	http://purl.obolibrary.org/obo/GO_0044351
http://identifiers.org/ensembl/ENSG00000065609	http://purl.obolibrary.org/obo/GO_0072583
http://identifiers.org/ensembl/ENSG00000065675	http://purl.obolibrary.org/obo/GO_0006909
http://identifiers.org/ensembl/ENSG00000065675	http://purl.obolibrary.org/obo/GO_0044351
http://identifiers.org/ensembl/ENSG00000067560	http://purl.obolibrary.org/obo/GO_0044351
http://identifiers.org/ensembl/ENSG00000067560	http://purl.obolibrary.org/obo/GO_0160294
http://identifiers.org/ensembl/ENSG00000067606	http://purl.obolibrary.org/obo/GO_0006909
http://identifiers.org/ensembl/ENSG00000067606	http://purl.obolibrary.org/obo/GO_0044351
http://identifiers.org/ensembl/ENSG00000067900	http://purl.obolibrary.org/obo/GO_0160294
http://identifiers.org/ensembl/ENSG00000069966	http://purl.obolibrary.org/obo/GO_0006909
http://identifiers.org/ensembl/ENSG00000070367	http://purl.obolibrary.org/obo/GO_0160294
http://identifiers.org/ensembl/ENSG00000070371	http://purl.obolibrary.org/obo/GO_0072583
http://identifiers.org/ensembl/ENSG00000070718	http://purl.obolibrary.org/obo/GO_0072583
http://identifiers.org/ensembl/ENSG00000070770	http://purl.obolibrary.org/obo/GO_0072583
http://identifiers.org/ensembl/ENSG00000070831	http://purl.obolibrary.org/obo/GO_0006909
http://identifiers.org/ensembl/ENSG00000070831	http://purl.obolibrary.org/obo/GO_0044351
http://identifiers.org/ensembl/ENSG00000070831	http://purl.obolibrary.org/obo/GO_0072583
http://identifiers.org/ensembl/ENSG00000070831	http://purl.obolibrary.org/obo/GO_0160294
http://identifiers.org/ensembl/ENSG00000071051	http://purl.obolibrary.org/obo/GO_0006909
http://identifiers.org/ensembl/ENSG00000071205	http://purl.obolibrary.org/obo/GO_0160294
http://identifiers.org/ensembl/ENSG00000072274	http://purl.obolibrary.org/obo/GO_0072583
http://identifiers.org/ensembl/ENSG00000072818	http://purl.obolibrary.org/obo/GO_0160294
http://identifiers.org/ensembl/ENSG00000072958	http://purl.obolibrary.org/obo/GO_0072583
http://identifiers.org/ensembl/ENSG00000073350	http://purl.obolibrary.org/obo/GO_0160294
http://identifiers.org/ensembl/ENSG00000073921	http://purl.obolibrary.org/obo/GO_0072583
http://identifiers.org/ensembl/ENSG00000074276	http://purl.obolibrary.org/obo/GO_0160294
http://identifiers.org/ensembl/ENSG00000074319	http://purl.obolibrary.org/obo/GO_0072583
http://identifiers.org/ensembl/ENSG00000075624	http://purl.obolibrary.org/obo/GO_0006909
http://identifiers.org/ensembl/ENSG00000075624	http://purl.obolibrary.org/obo/GO_0072583
http://identifiers.org/ensembl/ENSG00000075624	http://purl.obolibrary.org/obo/GO_0072584
http://identifiers.org/ensembl/ENSG00000075651	http://purl.obolibrary.org/obo/GO_0006909
http://identifiers.org/ensembl/ENSG00000075651	http://purl.obolibrary.org/obo/GO_0160294
http://identifiers.org/ensembl/ENSG00000075785	http://purl.obolibrary.org/obo/GO_0006909
http://identifiers.org/ensembl/ENSG00000075785	http://purl.obolibrary.org/obo/GO_0072583
http://identifiers.org/ensembl/ENSG00000077943	http://purl.obolibrary.org/obo/GO_0072584
http://identifiers.org/ensembl/ENSG00000078053	http://purl.obolibrary.org/obo/GO_0044351
http://identifiers.org/ensembl/ENSG00000078053	http://purl.obolibrary.org/obo/GO_0072583
http://identifiers.org/ensembl/ENSG00000078142	http://purl.obolibrary.org/obo/GO_0044351
http://identifiers.org/ensembl/ENSG00000078142	http://purl.obolibrary.org/obo/GO_0072583
http://identifiers.org/ensembl/ENSG00000078269	http://purl.obolibrary.org/obo/GO_0160294
http://identifiers.org/ensembl/ENSG00000078369	http://purl.obolibrary.org/obo/GO_0006909
http://identifiers.org/ensembl/ENSG00000079482	http://purl.obolibrary.org/obo/GO_0160294
http://identifiers.org/ensembl/ENSG00000079805	http://purl.obolibrary.org/obo/GO_0072583
http://identifiers.org/ensembl/ENSG00000079805	http://purl.obolibrary.org/obo/GO_0072584
http://identifiers.org/ensembl/ENSG00000079805	http://purl.obolibrary.org/obo/GO_0160294
http://identifiers.org/ensembl/ENSG00000081014	http://purl.obolibrary.org/obo/GO_0072583
http://identifiers.org/ensembl/ENSG00000082074	http://purl.obolibrary.org/obo/GO_0006909
http://identifiers.org/ensembl/ENSG00000082701	http://purl.obolibrary.org/obo/GO_0160294
http://identifiers.org/ensembl/ENSG00000082781	http://purl.obolibrary.org/obo/GO_0044351
http://identifiers.org/ensembl/ENSG00000082781	http://purl.obolibrary.org/obo/GO_0072584
http://identifiers.org/ensembl/ENSG00000083457	http://purl.obolibrary.org/obo/GO_0072584
http://identifiers.org/ensembl/ENSG00000084674	http://purl.obolibrary.org/obo/GO_0072583
http://identifiers.org/ensembl/ENSG00000085733	http://purl.obolibrary.org/obo/GO_0072583
http://identifiers.org/ensembl/ENSG00000085733	http://purl.obolibrary.org/obo/GO_0160294
http://identifiers.org/ensembl/ENSG00000085832	http://purl.obolibrary.org/obo/GO_0072583
http://identifiers.org/ensembl/ENSG00000087460	http://purl.obolibrary.org/obo/GO_0006909
http://identifiers.org/ensembl/ENSG00000087470	http://purl.obolibrary.org/obo/GO_0072583
http://identifiers.org/ensembl/ENSG00000089159	http://purl.obolibrary.org/obo/GO_0006909
http://identifiers.org/ensembl/ENSG00000090382	http://purl.obolibrary.org/obo/GO_0072583
http://identifiers.org/ensembl/ENSG00000091409	http://purl.obolibrary.org/obo/GO_0072584
http://identifiers.org/ensembl/ENSG00000091513	http://purl.obolibrary.org/obo/GO_0072583
http://identifiers.org/ensembl/ENSG00000092820	http://purl.obolibrary.org/obo/GO_0006909
http://identifiers.org/ensembl/ENSG00000097007	http://purl.obolibrary.org/obo/GO_0072584
http://identifiers.org/ensembl/ENSG00000097033	http://purl.obolibrary.org/obo/GO_0044351
http://identifiers.org/ensembl/ENSG00000097033	http://purl.obolibrary.org/obo/GO_0072583
http://identifiers.org/ensembl/ENSG00000099834	http://purl.obolibrary.org/obo/GO_0160294
http://identifiers.org/ensembl/ENSG00000100030	http://purl.obolibrary.org/obo/GO_0006909
http://identifiers.org/ensembl/ENSG00000100092	http://purl.obolibrary.org/obo/GO_0044351
http://identifiers.org/ensembl/ENSG00000100092	http://purl.obolibrary.org/obo/GO_0160294
http://identifiers.org/ensembl/ENSG00000100097	http://purl.obolibrary.org/obo/GO_0160294
http://identifiers.org/ensembl/ENSG00000100151	http://purl.obolibrary.org/obo/GO_0160294
http://identifiers.org/ensembl/ENSG00000100266	http://purl.obolibrary.org/obo/GO_0072583
http://identifiers.org/ensembl/ENSG00000100266	http://purl.obolibrary.org/obo/GO_0072584
http://identifiers.org/ensembl/ENSG00000100280	http://purl.obolibrary.org/obo/GO_0072583
http://identifiers.org/ensembl/ENSG00000100292	http://purl.obolibrary.org/obo/GO_0006909
http://identifiers.org/ensembl/ENSG00000100302	http://purl.obolibrary.org/obo/GO_0044351
http://identifiers.org/ensembl/ENSG00000100342	http://purl.obolibrary.org/obo/GO_0072583
http://identifiers.org/ensembl/ENSG00000100478	http://purl.obolibrary.org/obo/GO_0072583
http://identifiers.org/ensembl/ENSG00000101266	http://purl.obolibrary.org/obo/GO_0072583
http://identifiers.org/ensembl/ENSG00000101336	http://purl.obolibrary.org/obo/GO_0006909
http://identifiers.org/ensembl/ENSG00000102882	http://purl.obolibrary.org/obo/GO_0006909
http://identifiers.org/ensembl/ENSG00000102981	http://purl.obolibrary.org/obo/GO_0160294
http://identifiers.org/ensembl/ENSG00000103723	http://purl.obolibrary.org/obo/GO_0072583
http://identifiers.org/ensembl/ENSG00000103769	http://purl.obolibrary.org/obo/GO_0006909
http://identifiers.org/ensembl/ENSG00000105221	http://purl.obolibrary.org/obo/GO_0006909
http://identifiers.org/ensembl/ENSG00000105223	http://purl.obolibrary.org/obo/GO_0006909
http://identifiers.org/ensembl/ENSG00000105443	http://purl.obolibrary.org/obo/GO_0160294
http://identifiers.org/ensembl/ENSG00000105647	http://purl.obolibrary.org/obo/GO_0044351
http://identifiers.org/ensembl/ENSG00000105647	http://purl.obolibrary.org/obo/GO_0072583
http://identifiers.org/ensembl/ENSG00000105647	http://purl.obolibrary.org/obo/GO_0160294
http://identifiers.org/ensembl/ENSG00000105851	http://purl.obolibrary.org/obo/GO_0006909
http://identifiers.org/ensembl/ENSG00000105851	http://purl.obolibrary.org/obo/GO_0044351
http://identifiers.org/ensembl/ENSG00000105851	http://purl.obolibrary.org/obo/GO_0072583
http://identifiers.org/ensembl/ENSG00000105855	http://purl.obolibrary.org/obo/GO_0044351
http://identifiers.org/ensembl/ENSG00000105855	http://purl.obolibrary.org/obo/GO_0072584
http://identifiers.org/ensembl/ENSG00000105971	http://purl.obolibrary.org/obo/GO_0072584
http://identifiers.org/ensembl/ENSG00000105974	http://purl.obolibrary.org/obo/GO_0072584
http://identifiers.org/ensembl/ENSG00000105976	http://purl.obolibrary.org/obo/GO_0044351
http://identifiers.org/ensembl/ENSG00000105976	http://purl.obolibrary.org/obo/GO_0072583
http://identifiers.org/ensembl/ENSG00000106299	http://purl.obolibrary.org/obo/GO_0072583
http://identifiers.org/ensembl/ENSG00000106299	http://purl.obolibrary.org/obo/GO_0160294
http://identifiers.org/ensembl/ENSG00000106367	http://purl.obolibrary.org/obo/GO_0072583
http://identifiers.org/ensembl/ENSG00000106976	http://purl.obolibrary.org/obo/GO_0072583
http://identifiers.org/ensembl/ENSG00000106976	http://purl.obolibrary.org/obo/GO_0160294
http://identifiers.org/ensembl/ENSG00000107242	http://purl.obolibrary.org/obo/GO_0160294
http://identifiers.org/ensembl/ENSG00000107295	http://purl.obolibrary.org/obo/GO_0044351
http://identifiers.org/ensembl/ENSG00000107295	http://purl.obolibrary.org/obo/GO_0072583
http://identifiers.org/ensembl/ENSG00000107295	http://purl.obolibrary.org/obo/GO_0160294
http://identifiers.org/ensembl/ENSG00000107736	http://purl.obolibrary.org/obo/GO_0160294
http://identifiers.org/ensembl/ENSG00000107758	http://purl.obolibrary.org/obo/GO_0072583
http://identifiers.org/ensembl/ENSG00000107796	http://purl.obolibrary.org/obo/GO_0006909
http://identifiers.org/ensembl/ENSG00000107796	http://purl.obolibrary.org/obo/GO_0072583
http://identifiers.org/ensembl/ENSG00000107796	http://purl.obolibrary.org/obo/GO_0072584
http://identifiers.org/ensembl/ENSG00000107862	http://purl.obolibrary.org/obo/GO_0160294
http://identifiers.org/ensembl/ENSG00000108443	http://purl.obolibrary.org/obo/GO_0006909
http://identifiers.org/ensembl/ENSG00000108551	http://purl.obolibrary.org/obo/GO_0044351
http://identifiers.org/ensembl/ENSG00000108798	http://purl.obolibrary.org/obo/GO_0160294
http://identifiers.org/ensembl/ENSG00000109113	http://purl.obolibrary.org/obo/GO_0044351
http://identifiers.org/ensembl/ENSG00000109320	http://purl.obolibrary.org/obo/GO_0006909
http://identifiers.org/ensembl/ENSG00000109971	http://purl.obolibrary.org/obo/GO_0072583
http://identifiers.org/ensembl/ENSG00000110244	http://purl.obolibrary.org/obo/GO_0072583
http://identifiers.org/ensembl/ENSG00000110245	http://purl.obolibrary.org/obo/GO_0072583
http://identifiers.org/ensembl/ENSG00000110395	http://purl.obolibrary.org/obo/GO_0006909
http://identifiers.org/ensembl/ENSG00000110395	http://purl.obolibrary.org/obo/GO_0072583
http://identifiers.org/ensembl/ENSG00000110934	http://purl.obolibrary.org/obo/GO_0044351
http://identifiers.org/ensembl/ENSG00000111229	http://purl.obolibrary.org/obo/GO_0006909
http://identifiers.org/ensembl/ENSG00000111229	http://purl.obolibrary.org/obo/GO_0072583
http://identifiers.org/ensembl/ENSG00000111664	http://purl.obolibrary.org/obo/GO_0006909
http://identifiers.org/ensembl/ENSG00000112062	http://purl.obolibrary.org/obo/GO_0006909
http://identifiers.org/ensembl/ENSG00000112290	http://purl.obolibrary.org/obo/GO_0160294
http://identifiers.org/ensembl/ENSG00000112293	http://purl.obolibrary.org/obo/GO_0006909
http://identifiers.org/ensembl/ENSG00000112305	http://purl.obolibrary.org/obo/GO_0160294
http://identifiers.org/ensembl/ENSG00000114353	http://purl.obolibrary.org/obo/GO_0006909
http://identifiers.org/ensembl/ENSG00000114450	http://purl.obolibrary.org/obo/GO_0006909
http://identifiers.org/ensembl/ENSG00000114520	http://purl.obolibrary.org/obo/GO_0044351
http://identifiers.org/ensembl/ENSG00000115085	http://purl.obolibrary.org/obo/GO_0006909
http://identifiers.org/ensembl/ENSG00000115091	http://purl.obolibrary.org/obo/GO_0006909
http://identifiers.org/ensembl/ENSG00000115091	http://purl.obolibrary.org/obo/GO_0072583
http://identifiers.org/ensembl/ENSG00000115091	http://purl.obolibrary.org/obo/GO_0160294
http://identifiers.org/ensembl/ENSG00000115221	http://purl.obolibrary.org/obo/GO_0044351
http://identifiers.org/ensembl/ENSG00000115221	http://purl.obolibrary.org/obo/GO_0072584
http://identifiers.org/ensembl/ENSG00000115232	http://purl.obolibrary.org/obo/GO_0072584
http://identifiers.org/ensembl/ENSG00000115825	http://purl.obolibrary.org/obo/GO_0006909
http://identifiers.org/ensembl/ENSG00000115825	http://purl.obolibrary.org/obo/GO_0044351
http://identifiers.org/ensembl/ENSG00000115977	http://purl.obolibrary.org/obo/GO_0072583
http://identifiers.org/ensembl/ENSG00000116005	http://purl.obolibrary.org/obo/GO_0072583
http://identifiers.org/ensembl/ENSG00000116473	http://purl.obolibrary.org/obo/GO_0044351
http://identifiers.org/ensembl/ENSG00000116584	http://purl.obolibrary.org/obo/GO_0160294
http://identifiers.org/ensembl/ENSG00000116903	http://purl.obolibrary.org/obo/GO_0160294
http://identifiers.org/ensembl/ENSG00000117020	http://purl.obolibrary.org/obo/GO_0006909
http://identifiers.org/ensembl/ENSG00000117091	http://purl.obolibrary.org/obo/GO_0072584
http://identifiers.org/ensembl/ENSG00000117461	http://purl.obolibrary.org/obo/GO_0044351
http://identifiers.org/ensembl/ENSG00000117461	http://purl.obolibrary.org/obo/GO_0072583
http://identifiers.org/ensembl/ENSG00000117461	http://purl.obolibrary.org/obo/GO_0160294
http://identifiers.org/ensembl/ENSG00000118137	http://purl.obolibrary.org/obo/GO_0072583
http://identifiers.org/ensembl/ENSG00000120885	http://purl.obolibrary.org/obo/GO_0072583
http://identifiers.org/ensembl/ENSG00000120899	http://purl.obolibrary.org/obo/GO_0006909
http://identifiers.org/ensembl/ENSG00000120910	http://purl.obolibrary.org/obo/GO_0072583
http://identifiers.org/ensembl/ENSG00000121879	http://purl.obolibrary.org/obo/GO_0044351
http://identifiers.org/ensembl/ENSG00000121879	http://purl.obolibrary.org/obo/GO_0072583
http://identifiers.org/ensembl/ENSG00000121879	http://purl.obolibrary.org/obo/GO_0160294
http://identifiers.org/ensembl/ENSG00000122705	http://purl.obolibrary.org/obo/GO_0072583
http://identifiers.org/ensembl/ENSG00000123143	http://purl.obolibrary.org/obo/GO_0160294
http://identifiers.org/ensembl/ENSG00000123338	http://purl.obolibrary.org/obo/GO_0160294
http://identifiers.org/ensembl/ENSG00000124181	http://purl.obolibrary.org/obo/GO_0044351
http://identifiers.org/ensembl/ENSG00000124486	http://purl.obolibrary.org/obo/GO_0072583
http://identifiers.org/ensembl/ENSG00000124507	http://purl.obolibrary.org/obo/GO_0072583
http://identifiers.org/ensembl/ENSG00000124507	http://purl.obolibrary.org/obo/GO_0072584
http://identifiers.org/ensembl/ENSG00000125249	http://purl.obolibrary.org/obo/GO_0044351
http://identifiers.org/ensembl/ENSG00000125637	http://purl.obolibrary.org/obo/GO_0160294
http://identifiers.org/ensembl/ENSG00000125733	http://purl.obolibrary.org/obo/GO_0160294
http://identifiers.org/ensembl/ENSG00000125753	http://purl.obolibrary.org/obo/GO_0006909
http://identifiers.org/ensembl/ENSG00000125753	http://purl.obolibrary.org/obo/GO_0044351
http://identifiers.org/ensembl/ENSG00000125843	http://purl.obolibrary.org/obo/GO_0072583
http://identifiers.org/ensembl/ENSG00000126458	http://purl.obolibrary.org/obo/GO_0044351
http://identifiers.org/ensembl/ENSG00000126583	http://purl.obolibrary.org/obo/GO_0006909
http://identifiers.org/ensembl/ENSG00000126583	http://purl.obolibrary.org/obo/GO_0044351
http://identifiers.org/ensembl/ENSG00000127314	http://purl.obolibrary.org/obo/GO_0044351
http://identifiers.org/ensembl/ENSG00000127588	http://purl.obolibrary.org/obo/GO_0006909
http://identifiers.org/ensembl/ENSG00000127920	http://purl.obolibrary.org/obo/GO_0006909
http://identifiers.org/ensembl/ENSG00000127928	http://purl.obolibrary.org/obo/GO_0006909
http://identifiers.org/ensembl/ENSG00000127946	http://purl.obolibrary.org/obo/GO_0072583
http://identifiers.org/ensembl/ENSG00000127955	http://purl.obolibrary.org/obo/GO_0006909
http://identifiers.org/ensembl/ENSG00000128340	http://purl.obolibrary.org/obo/GO_0006909
http://identifiers.org/ensembl/ENSG00000128536	http://purl.obolibrary.org/obo/GO_0160294
http://identifiers.org/ensembl/ENSG00000128591	http://purl.obolibrary.org/obo/GO_0072584
http://identifiers.org/ensembl/ENSG00000128641	http://purl.obolibrary.org/obo/GO_0006909
http://identifiers.org/ensembl/ENSG00000129219	http://purl.obolibrary.org/obo/GO_0006909
http://identifiers.org/ensembl/ENSG00000129219	http://purl.obolibrary.org/obo/GO_0160294
http://identifiers.org/ensembl/ENSG00000129354	http://purl.obolibrary.org/obo/GO_0072583
http://identifiers.org/ensembl/ENSG00000130147	http://purl.obolibrary.org/obo/GO_0072583
http://identifiers.org/ensembl/ENSG00000130164	http://purl.obolibrary.org/obo/GO_0072583
http://identifiers.org/ensembl/ENSG00000130203	http://purl.obolibrary.org/obo/GO_0072583
http://identifiers.org/ensembl/ENSG00000130208	http://purl.obolibrary.org/obo/GO_0072583
http://identifiers.org/ensembl/ENSG00000130340	http://purl.obolibrary.org/obo/GO_0072583
http://identifiers.org/ensembl/ENSG00000130402	http://purl.obolibrary.org/obo/GO_0044351
http://identifiers.org/ensembl/ENSG00000130429	http://purl.obolibrary.org/obo/GO_0006909
http://identifiers.org/ensembl/ENSG00000130429	http://purl.obolibrary.org/obo/GO_0072583
http://identifiers.org/ensembl/ENSG00000130475	http://purl.obolibrary.org/obo/GO_0072583
http://identifiers.org/ensembl/ENSG00000130787	http://purl.obolibrary.org/obo/GO_0072583
http://identifiers.org/ensembl/ENSG00000131504	http://purl.obolibrary.org/obo/GO_0072584
http://identifiers.org/ensembl/ENSG00000131504	http://purl.obolibrary.org/obo/GO_0160294
http://identifiers.org/ensembl/ENSG00000131558	http://purl.obolibrary.org/obo/GO_0160294
http://identifiers.org/ensembl/ENSG00000131899	http://purl.obolibrary.org/obo/GO_0160294
http://identifiers.org/ensembl/ENSG00000131981	http://purl.obolibrary.org/obo/GO_0160294
http://identifiers.org/ensembl/ENSG00000132470	http://purl.obolibrary.org/obo/GO_0044351
http://identifiers.org/ensembl/ENSG00000132470	http://purl.obolibrary.org/obo/GO_0072584
http://identifiers.org/ensembl/ENSG00000132842	http://purl.obolibrary.org/obo/GO_0072583
http://identifiers.org/ensembl/ENSG00000132970	http://purl.obolibrary.org/obo/GO_0160294
http://identifiers.org/ensembl/ENSG00000133056	http://purl.obolibrary.org/obo/GO_0044351
http://identifiers.org/ensembl/ENSG00000133056	http://purl.obolibrary.org/obo/GO_0072583
http://identifiers.org/ensembl/ENSG00000133216	http://purl.obolibrary.org/obo/GO_0072583
http://identifiers.org/ensembl/ENSG00000133703	http://purl.obolibrary.org/obo/GO_0044351
http://identifiers.org/ensembl/ENSG00000133818	http://purl.obolibrary.org/obo/GO_0044351
http://identifiers.org/ensembl/ENSG00000133961	http://purl.obolibrary.org/obo/GO_0072583
http://identifiers.org/ensembl/ENSG00000134215	http://purl.obolibrary.org/obo/GO_0006909
http://identifiers.org/ensembl/ENSG00000134259	http://purl.obolibrary.org/obo/GO_0044351
http://identifiers.org/ensembl/ENSG00000134262	http://purl.obolibrary.org/obo/GO_0072583
http://identifiers.org/ensembl/ENSG00000134376	http://purl.obolibrary.org/obo/GO_0160294
http://identifiers.org/ensembl/ENSG00000135424	http://purl.obolibrary.org/obo/GO_0072584
http://identifiers.org/ensembl/ENSG00000135679	http://purl.obolibrary.org/obo/GO_0072583
http://identifiers.org/ensembl/ENSG00000136068	http://purl.obolibrary.org/obo/GO_0072584
http://identifiers.org/ensembl/ENSG00000136238	http://purl.obolibrary.org/obo/GO_0006909
http://identifiers.org/ensembl/ENSG00000136238	http://purl.obolibrary.org/obo/GO_0044351
http://identifiers.org/ensembl/ENSG00000136238	http://purl.obolibrary.org/obo/GO_0072583
http://identifiers.org/ensembl/ENSG00000136238	http://purl.obolibrary.org/obo/GO_0160294
http://identifiers.org/ensembl/ENSG00000136267	http://purl.obolibrary.org/obo/GO_0006909
http://identifiers.org/ensembl/ENSG00000136286	http://purl.obolibrary.org/obo/GO_0006909
http://identifiers.org/ensembl/ENSG00000136717	http://purl.obolibrary.org/obo/GO_0044351
http://identifiers.org/ensembl/ENSG00000136717	http://purl.obolibrary.org/obo/GO_0072583
http://identifiers.org/ensembl/ENSG00000136717	http://purl.obolibrary.org/obo/GO_0160294
http://identifiers.org/ensembl/ENSG00000136738	http://purl.obolibrary.org/obo/GO_0072583
http://identifiers.org/ensembl/ENSG00000136754	http://purl.obolibrary.org/obo/GO_0044351
http://identifiers.org/ensembl/ENSG00000136754	http://purl.obolibrary.org/obo/GO_0160294
http://identifiers.org/ensembl/ENSG00000136869	http://purl.obolibrary.org/obo/GO_0006909
http://identifiers.org/ensembl/ENSG00000136950	http://purl.obolibrary.org/obo/GO_0006909
http://identifiers.org/ensembl/ENSG00000136950	http://purl.obolibrary.org/obo/GO_0072583
http://identifiers.org/ensembl/ENSG00000137486	http://purl.obolibrary.org/obo/GO_0072583
http://identifiers.org/ensembl/ENSG00000137809	http://purl.obolibrary.org/obo/GO_0072584
http://identifiers.org/ensembl/ENSG00000137942	http://purl.obolibrary.org/obo/GO_0160294
http://identifiers.org/ensembl/ENSG00000138071	http://purl.obolibrary.org/obo/GO_0006909
http://identifiers.org/ensembl/ENSG00000138071	http://purl.obolibrary.org/obo/GO_0072583
http://identifiers.org/ensembl/ENSG00000138071	http://purl.obolibrary.org/obo/GO_0160294
http://identifiers.org/ensembl/ENSG00000138207	http://purl.obolibrary.org/obo/GO_0072583
http://identifiers.org/ensembl/ENSG00000138443	http://purl.obolibrary.org/obo/GO_0160294
http://identifiers.org/ensembl/ENSG00000138448	http://purl.obolibrary.org/obo/GO_0072584
http://identifiers.org/ensembl/ENSG00000138798	http://purl.obolibrary.org/obo/GO_0044351
http://identifiers.org/ensembl/ENSG00000138798	http://purl.obolibrary.org/obo/GO_0072583
http://identifiers.org/ensembl/ENSG00000138798	http://purl.obolibrary.org/obo/GO_0072584
http://identifiers.org/ensembl/ENSG00000138814	http://purl.obolibrary.org/obo/GO_0072583
http://identifiers.org/ensembl/ENSG00000139144	http://purl.obolibrary.org/obo/GO_0006909
http://identifiers.org/ensembl/ENSG00000139144	http://purl.obolibrary.org/obo/GO_0044351
http://identifiers.org/ensembl/ENSG00000139144	http://purl.obolibrary.org/obo/GO_0072583
http://identifiers.org/ensembl/ENSG00000139626	http://purl.obolibrary.org/obo/GO_0044351
http://identifiers.org/ensembl/ENSG00000139626	http://purl.obolibrary.org/obo/GO_0072584
http://identifiers.org/ensembl/ENSG00000140022	http://purl.obolibrary.org/obo/GO_0072583
http://identifiers.org/ensembl/ENSG00000140575	http://purl.obolibrary.org/obo/GO_0160294
http://identifiers.org/ensembl/ENSG00000140600	http://purl.obolibrary.org/obo/GO_0044351
http://identifiers.org/ensembl/ENSG00000140600	http://purl.obolibrary.org/obo/GO_0072583
http://identifiers.org/ensembl/ENSG00000140600	http://purl.obolibrary.org/obo/GO_0160294
http://identifiers.org/ensembl/ENSG00000140678	http://purl.obolibrary.org/obo/GO_0072584
http://identifiers.org/ensembl/ENSG00000140750	http://purl.obolibrary.org/obo/GO_0044351
http://identifiers.org/ensembl/ENSG00000140750	http://purl.obolibrary.org/obo/GO_0160294
http://identifiers.org/ensembl/ENSG00000141367	http://purl.obolibrary.org/obo/GO_0072583
http://identifiers.org/ensembl/ENSG00000141404	http://purl.obolibrary.org/obo/GO_0006909
http://identifiers.org/ensembl/ENSG00000141480	http://purl.obolibrary.org/obo/GO_0072583
http://identifiers.org/ensembl/ENSG00000141506	http://purl.obolibrary.org/obo/GO_0044351
http://identifiers.org/ensembl/ENSG00000141506	http://purl.obolibrary.org/obo/GO_0072583
http://identifiers.org/ensembl/ENSG00000141968	http://purl.obolibrary.org/obo/GO_0006909
http://identifiers.org/ensembl/ENSG00000141985	http://purl.obolibrary.org/obo/GO_0044351
http://identifiers.org/ensembl/ENSG00000141985	http://purl.obolibrary.org/obo/GO_0072583
http://identifiers.org/ensembl/ENSG00000141985	http://purl.obolibrary.org/obo/GO_0160294
http://identifiers.org/ensembl/ENSG00000142208	http://purl.obolibrary.org/obo/GO_0006909
http://identifiers.org/ensembl/ENSG00000142347	http://purl.obolibrary.org/obo/GO_0006909
http://identifiers.org/ensembl/ENSG00000143127	http://purl.obolibrary.org/obo/GO_0072584
http://identifiers.org/ensembl/ENSG00000143226	http://purl.obolibrary.org/obo/GO_0006909
http://identifiers.org/ensembl/ENSG00000143398	http://purl.obolibrary.org/obo/GO_0006909
http://identifiers.org/ensembl/ENSG00000143479	http://purl.obolibrary.org/obo/GO_0072584
http://identifiers.org/ensembl/ENSG00000143546	http://purl.obolibrary.org/obo/GO_0072583
http://identifiers.org/ensembl/ENSG00000143632	http://purl.obolibrary.org/obo/GO_0006909
http://identifiers.org/ensembl/ENSG00000143632	http://purl.obolibrary.org/obo/GO_0072583
http://identifiers.org/ensembl/ENSG00000143632	http://purl.obolibrary.org/obo/GO_0072584
http://identifiers.org/ensembl/ENSG00000143761	http://purl.obolibrary.org/obo/GO_0160294
http://identifiers.org/ensembl/ENSG00000143947	http://purl.obolibrary.org/obo/GO_0072583
http://identifiers.org/ensembl/ENSG00000144118	http://purl.obolibrary.org/obo/GO_0044351
http://identifiers.org/ensembl/ENSG00000144566	http://purl.obolibrary.org/obo/GO_0006909
http://identifiers.org/ensembl/ENSG00000144566	http://purl.obolibrary.org/obo/GO_0044351
http://identifiers.org/ensembl/ENSG00000144566	http://purl.obolibrary.org/obo/GO_0160294
http://identifiers.org/ensembl/ENSG00000144668	http://purl.obolibrary.org/obo/GO_0072584
http://identifiers.org/ensembl/ENSG00000144711	http://purl.obolibrary.org/obo/GO_0160294
http://identifiers.org/ensembl/ENSG00000145675	http://purl.obolibrary.org/obo/GO_0044351
http://identifiers.org/ensembl/ENSG00000145675	http://purl.obolibrary.org/obo/GO_0072583
http://identifiers.org/ensembl/ENSG00000145675	http://purl.obolibrary.org/obo/GO_0160294
http://identifiers.org/ensembl/ENSG00000145819	http://purl.obolibrary.org/obo/GO_0160294
http://identifiers.org/ensembl/ENSG00000146005	http://purl.obolibrary.org/obo/GO_0160294
http://identifiers.org/ensembl/ENSG00000146648	http://purl.obolibrary.org/obo/GO_0044351
http://identifiers.org/ensembl/ENSG00000146648	http://purl.obolibrary.org/obo/GO_0072584
http://identifiers.org/ensembl/ENSG00000147010	http://purl.obolibrary.org/obo/GO_0072583
http://identifiers.org/ensembl/ENSG00000147439	http://purl.obolibrary.org/obo/GO_0044351
http://identifiers.org/ensembl/ENSG00000148341	http://purl.obolibrary.org/obo/GO_0044351
http://identifiers.org/ensembl/ENSG00000148341	http://purl.obolibrary.org/obo/GO_0072583
http://identifiers.org/ensembl/ENSG00000148429	http://purl.obolibrary.org/obo/GO_0044351
http://identifiers.org/ensembl/ENSG00000148498	http://purl.obolibrary.org/obo/GO_0160294
http://identifiers.org/ensembl/ENSG00000148600	http://purl.obolibrary.org/obo/GO_0160294
http://identifiers.org/ensembl/ENSG00000148965	http://purl.obolibrary.org/obo/GO_0072583
http://identifiers.org/ensembl/ENSG00000149269	http://purl.obolibrary.org/obo/GO_0006909
http://identifiers.org/ensembl/ENSG00000149269	http://purl.obolibrary.org/obo/GO_0044351
http://identifiers.org/ensembl/ENSG00000149269	http://purl.obolibrary.org/obo/GO_0160294
http://identifiers.org/ensembl/ENSG00000150093	http://purl.obolibrary.org/obo/GO_0044351
http://identifiers.org/ensembl/ENSG00000150093	http://purl.obolibrary.org/obo/GO_0072584
http://identifiers.org/ensembl/ENSG00000150093	http://purl.obolibrary.org/obo/GO_0160294
http://identifiers.org/ensembl/ENSG00000150337	http://purl.obolibrary.org/obo/GO_0006909
http://identifiers.org/ensembl/ENSG00000150760	http://purl.obolibrary.org/obo/GO_0006909
http://identifiers.org/ensembl/ENSG00000150991	http://purl.obolibrary.org/obo/GO_0072583
http://identifiers.org/ensembl/ENSG00000152056	http://purl.obolibrary.org/obo/GO_0072583
http://identifiers.org/ensembl/ENSG00000153071	http://purl.obolibrary.org/obo/GO_0072583
http://identifiers.org/ensembl/ENSG00000154229	http://purl.obolibrary.org/obo/GO_0006909
http://identifiers.org/ensembl/ENSG00000154229	http://purl.obolibrary.org/obo/GO_0044351
http://identifiers.org/ensembl/ENSG00000154229	http://purl.obolibrary.org/obo/GO_0072584
http://identifiers.org/ensembl/ENSG00000156011	http://purl.obolibrary.org/obo/GO_0160294
http://identifiers.org/ensembl/ENSG00000156886	http://purl.obolibrary.org/obo/GO_0072584
http://identifiers.org/ensembl/ENSG00000157107	http://purl.obolibrary.org/obo/GO_0072583
http://identifiers.org/ensembl/ENSG00000157483	http://purl.obolibrary.org/obo/GO_0006909
http://identifiers.org/ensembl/ENSG00000157483	http://purl.obolibrary.org/obo/GO_0072583
http://identifiers.org/ensembl/ENSG00000157823	http://purl.obolibrary.org/obo/GO_0072583
http://identifiers.org/ensembl/ENSG00000157978	http://purl.obolibrary.org/obo/GO_0072583
http://identifiers.org/ensembl/ENSG00000158092	http://purl.obolibrary.org/obo/GO_0006909
http://identifiers.org/ensembl/ENSG00000158186	http://purl.obolibrary.org/obo/GO_0044351
http://identifiers.org/ensembl/ENSG00000158195	http://purl.obolibrary.org/obo/GO_0160294
http://identifiers.org/ensembl/ENSG00000158517	http://purl.obolibrary.org/obo/GO_0006909
http://identifiers.org/ensembl/ENSG00000158874	http://purl.obolibrary.org/obo/GO_0072583
http://identifiers.org/ensembl/ENSG00000159082	http://purl.obolibrary.org/obo/GO_0072583
http://identifiers.org/ensembl/ENSG00000159251	http://purl.obolibrary.org/obo/GO_0006909
http://identifiers.org/ensembl/ENSG00000159251	http://purl.obolibrary.org/obo/GO_0072583
http://identifiers.org/ensembl/ENSG00000159251	http://purl.obolibrary.org/obo/GO_0072584
http://identifiers.org/ensembl/ENSG00000159692	http://purl.obolibrary.org/obo/GO_0160294
http://identifiers.org/ensembl/ENSG00000159763	http://purl.obolibrary.org/obo/GO_0072583
http://identifiers.org/ensembl/ENSG00000160255	http://purl.obolibrary.org/obo/GO_0044351
http://identifiers.org/ensembl/ENSG00000160255	http://purl.obolibrary.org/obo/GO_0072584
http://identifiers.org/ensembl/ENSG00000160293	http://purl.obolibrary.org/obo/GO_0006909
http://identifiers.org/ensembl/ENSG00000161048	http://purl.obolibrary.org/obo/GO_0006909
http://identifiers.org/ensembl/ENSG00000161203	http://purl.obolibrary.org/obo/GO_0072583
http://identifiers.org/ensembl/ENSG00000161638	http://purl.obolibrary.org/obo/GO_0044351
http://identifiers.org/ensembl/ENSG00000161638	http://purl.obolibrary.org/obo/GO_0072583
http://identifiers.org/ensembl/ENSG00000161638	http://purl.obolibrary.org/obo/GO_0072584
http://identifiers.org/ensembl/ENSG00000161638	http://purl.obolibrary.org/obo/GO_0160294
http://identifiers.org/ensembl/ENSG00000162188	http://purl.obolibrary.org/obo/GO_0006909
http://identifiers.org/ensembl/ENSG00000162341	http://purl.obolibrary.org/obo/GO_0044351
http://identifiers.org/ensembl/ENSG00000162704	http://purl.obolibrary.org/obo/GO_0006909
http://identifiers.org/ensembl/ENSG00000162704	http://purl.obolibrary.org/obo/GO_0072583
http://identifiers.org/ensembl/ENSG00000163017	http://purl.obolibrary.org/obo/GO_0006909
http://identifiers.org/ensembl/ENSG00000163017	http://purl.obolibrary.org/obo/GO_0072583
http://identifiers.org/ensembl/ENSG00000163017	http://purl.obolibrary.org/obo/GO_0072584
http://identifiers.org/ensembl/ENSG00000163466	http://purl.obolibrary.org/obo/GO_0006909
http://identifiers.org/ensembl/ENSG00000163466	http://purl.obolibrary.org/obo/GO_0072583
http://identifiers.org/ensembl/ENSG00000163466	http://purl.obolibrary.org/obo/GO_0160294
http://identifiers.org/ensembl/ENSG00000163558	http://purl.obolibrary.org/obo/GO_0006909
http://identifiers.org/ensembl/ENSG00000163558	http://purl.obolibrary.org/obo/GO_0044351
http://identifiers.org/ensembl/ENSG00000163558	http://purl.obolibrary.org/obo/GO_0160294
http://identifiers.org/ensembl/ENSG00000163631	http://purl.obolibrary.org/obo/GO_0072583
http://identifiers.org/ensembl/ENSG00000163631	http://purl.obolibrary.org/obo/GO_0072584
http://identifiers.org/ensembl/ENSG00000163932	http://purl.obolibrary.org/obo/GO_0006909
http://identifiers.org/ensembl/ENSG00000163932	http://purl.obolibrary.org/obo/GO_0044351
http://identifiers.org/ensembl/ENSG00000164171	http://purl.obolibrary.org/obo/GO_0072584
http://identifiers.org/ensembl/ENSG00000164400	http://purl.obolibrary.org/obo/GO_0006909
http://identifiers.org/ensembl/ENSG00000164885	http://purl.obolibrary.org/obo/GO_0160294
http://identifiers.org/ensembl/ENSG00000165025	http://purl.obolibrary.org/obo/GO_0006909
http://identifiers.org/ensembl/ENSG00000165168	http://purl.obolibrary.org/obo/GO_0006909
http://identifiers.org/ensembl/ENSG00000165458	http://purl.obolibrary.org/obo/GO_0160294
http://identifiers.org/ensembl/ENSG00000165527	http://purl.obolibrary.org/obo/GO_0006909
http://identifiers.org/ensembl/ENSG00000165527	http://purl.obolibrary.org/obo/GO_0044351
http://identifiers.org/ensembl/ENSG00000165527	http://purl.obolibrary.org/obo/GO_0072583
http://identifiers.org/ensembl/ENSG00000165527	http://purl.obolibrary.org/obo/GO_0160294
http://identifiers.org/ensembl/ENSG00000166428	http://purl.obolibrary.org/obo/GO_0006909
http://identifiers.org/ensembl/ENSG00000166501	http://purl.obolibrary.org/obo/GO_0006909
http://identifiers.org/ensembl/ENSG00000166501	http://purl.obolibrary.org/obo/GO_0044351
http://identifiers.org/ensembl/ENSG00000166747	http://purl.obolibrary.org/obo/GO_0072583
http://identifiers.org/ensembl/ENSG00000166866	http://purl.obolibrary.org/obo/GO_0006909
http://identifiers.org/ensembl/ENSG00000167083	http://purl.obolibrary.org/obo/GO_0006909
http://identifiers.org/ensembl/ENSG00000167414	http://purl.obolibrary.org/obo/GO_0006909
http://identifiers.org/ensembl/ENSG00000168243	http://purl.obolibrary.org/obo/GO_0006909
http://identifiers.org/ensembl/ENSG00000168497	http://purl.obolibrary.org/obo/GO_0072584
http://identifiers.org/ensembl/ENSG00000168918	http://purl.obolibrary.org/obo/GO_0006909
http://identifiers.org/ensembl/ENSG00000168918	http://purl.obolibrary.org/obo/GO_0160294
http://identifiers.org/ensembl/ENSG00000169750	http://purl.obolibrary.org/obo/GO_0006909
http://identifiers.org/ensembl/ENSG00000169896	http://purl.obolibrary.org/obo/GO_0072584
http://identifiers.org/ensembl/ENSG00000169967	http://purl.obolibrary.org/obo/GO_0072584
http://identifiers.org/ensembl/ENSG00000170315	http://purl.obolibrary.org/obo/GO_0072583
http://identifiers.org/ensembl/ENSG00000170458	http://purl.obolibrary.org/obo/GO_0044351
http://identifiers.org/ensembl/ENSG00000170681	http://purl.obolibrary.org/obo/GO_0072584
http://identifiers.org/ensembl/ENSG00000170955	http://purl.obolibrary.org/obo/GO_0072584
http://identifiers.org/ensembl/ENSG00000171105	http://purl.obolibrary.org/obo/GO_0072584
http://identifiers.org/ensembl/ENSG00000171132	http://purl.obolibrary.org/obo/GO_0006909
http://identifiers.org/ensembl/ENSG00000171132	http://purl.obolibrary.org/obo/GO_0044351
http://identifiers.org/ensembl/ENSG00000171608	http://purl.obolibrary.org/obo/GO_0044351
http://identifiers.org/ensembl/ENSG00000171608	http://purl.obolibrary.org/obo/GO_0072583
http://identifiers.org/ensembl/ENSG00000171608	http://purl.obolibrary.org/obo/GO_0160294
http://identifiers.org/ensembl/ENSG00000171862	http://purl.obolibrary.org/obo/GO_0006909
http://identifiers.org/ensembl/ENSG00000171914	http://purl.obolibrary.org/obo/GO_0006909
http://identifiers.org/ensembl/ENSG00000172354	http://purl.obolibrary.org/obo/GO_0006909
http://identifiers.org/ensembl/ENSG00000172380	http://purl.obolibrary.org/obo/GO_0006909
http://identifiers.org/ensembl/ENSG00000172936	http://purl.obolibrary.org/obo/GO_0006909
http://identifiers.org/ensembl/ENSG00000173166	http://purl.obolibrary.org/obo/GO_0160294
http://identifiers.org/ensembl/ENSG00000174021	http://purl.obolibrary.org/obo/GO_0006909
http://identifiers.org/ensembl/ENSG00000174527	http://purl.obolibrary.org/obo/GO_0006909
http://identifiers.org/ensembl/ENSG00000174775	http://purl.obolibrary.org/obo/GO_0044351
http://identifiers.org/ensembl/ENSG00000175336	http://purl.obolibrary.org/obo/GO_0072583
http://identifiers.org/ensembl/ENSG00000175416	http://purl.obolibrary.org/obo/GO_0072583
http://identifiers.org/ensembl/ENSG00000175634	http://purl.obolibrary.org/obo/GO_0006909
http://identifiers.org/ensembl/ENSG00000175866	http://purl.obolibrary.org/obo/GO_0160294
http://identifiers.org/ensembl/ENSG00000176105	http://purl.obolibrary.org/obo/GO_0006909
http://identifiers.org/ensembl/ENSG00000176533	http://purl.obolibrary.org/obo/GO_0006909
http://identifiers.org/ensembl/ENSG00000176658	http://purl.obolibrary.org/obo/GO_0006909
http://identifiers.org/ensembl/ENSG00000177469	http://purl.obolibrary.org/obo/GO_0072584
http://identifiers.org/ensembl/ENSG00000177879	http://purl.obolibrary.org/obo/GO_0072583
http://identifiers.org/ensembl/ENSG00000177885	http://purl.obolibrary.org/obo/GO_0072583
http://identifiers.org/ensembl/ENSG00000178950	http://purl.obolibrary.org/obo/GO_0072583
http://identifiers.org/ensembl/ENSG00000179598	http://purl.obolibrary.org/obo/GO_0006909
http://identifiers.org/ensembl/ENSG00000180210	http://purl.obolibrary.org/obo/GO_0072583
http://identifiers.org/ensembl/ENSG00000180287	http://purl.obolibrary.org/obo/GO_0006909
http://identifiers.org/ensembl/ENSG00000181104	http://purl.obolibrary.org/obo/GO_0072583
http://identifiers.org/ensembl/ENSG00000181467	http://purl.obolibrary.org/obo/GO_0044351
http://identifiers.org/ensembl/ENSG00000182287	http://purl.obolibrary.org/obo/GO_0072583
http://identifiers.org/ensembl/ENSG00000182533	http://purl.obolibrary.org/obo/GO_0072584
http://identifiers.org/ensembl/ENSG00000182578	http://purl.obolibrary.org/obo/GO_0044351
http://identifiers.org/ensembl/ENSG00000182718	http://purl.obolibrary.org/obo/GO_0160294
http://identifiers.org/ensembl/ENSG00000183020	http://purl.obolibrary.org/obo/GO_0072583
http://identifiers.org/ensembl/ENSG00000184009	http://purl.obolibrary.org/obo/GO_0006909
http://identifiers.org/ensembl/ENSG00000184009	http://purl.obolibrary.org/obo/GO_0072584
http://identifiers.org/ensembl/ENSG00000184304	http://purl.obolibrary.org/obo/GO_0006909
http://identifiers.org/ensembl/ENSG00000184304	http://purl.obolibrary.org/obo/GO_0044351
http://identifiers.org/ensembl/ENSG00000184371	http://purl.obolibrary.org/obo/GO_0044351
http://identifiers.org/ensembl/ENSG00000184381	http://purl.obolibrary.org/obo/GO_0006909
http://identifiers.org/ensembl/ENSG00000185009	http://purl.obolibrary.org/obo/GO_0072583
http://identifiers.org/ensembl/ENSG00000185236	http://purl.obolibrary.org/obo/GO_0006909
http://identifiers.org/ensembl/ENSG00000185359	http://purl.obolibrary.org/obo/GO_0072583
http://identifiers.org/ensembl/ENSG00000185722	http://purl.obolibrary.org/obo/GO_0044351
http://identifiers.org/ensembl/ENSG00000186111	http://purl.obolibrary.org/obo/GO_0072583
http://identifiers.org/ensembl/ENSG00000186469	http://purl.obolibrary.org/obo/GO_0006909
http://identifiers.org/ensembl/ENSG00000186815	http://purl.obolibrary.org/obo/GO_0044351
http://identifiers.org/ensembl/ENSG00000187446	http://purl.obolibrary.org/obo/GO_0072583
http://identifiers.org/ensembl/ENSG00000187492	http://purl.obolibrary.org/obo/GO_0160294
http://identifiers.org/ensembl/ENSG00000187682	http://purl.obolibrary.org/obo/GO_0044351
http://identifiers.org/ensembl/ENSG00000188386	http://purl.obolibrary.org/obo/GO_0072583
http://identifiers.org/ensembl/ENSG00000188906	http://purl.obolibrary.org/obo/GO_0160294
http://identifiers.org/ensembl/ENSG00000189058	http://purl.obolibrary.org/obo/GO_0072583
http://identifiers.org/ensembl/ENSG00000196396	http://purl.obolibrary.org/obo/GO_0072584
http://identifiers.org/ensembl/ENSG00000196455	http://purl.obolibrary.org/obo/GO_0044351
http://identifiers.org/ensembl/ENSG00000196455	http://purl.obolibrary.org/obo/GO_0072583
http://identifiers.org/ensembl/ENSG00000196586	http://purl.obolibrary.org/obo/GO_0072583
http://identifiers.org/ensembl/ENSG00000196924	http://purl.obolibrary.org/obo/GO_0072584
http://identifiers.org/ensembl/ENSG00000196961	http://purl.obolibrary.org/obo/GO_0072583
http://identifiers.org/ensembl/ENSG00000197102	http://purl.obolibrary.org/obo/GO_0160294
http://identifiers.org/ensembl/ENSG00000197122	http://purl.obolibrary.org/obo/GO_0044351
http://identifiers.org/ensembl/ENSG00000197122	http://purl.obolibrary.org/obo/GO_0072583
http://identifiers.org/ensembl/ENSG00000197122	http://purl.obolibrary.org/obo/GO_0072584
http://identifiers.org/ensembl/ENSG00000197122	http://purl.obolibrary.org/obo/GO_0160294
http://identifiers.org/ensembl/ENSG00000197249	http://purl.obolibrary.org/obo/GO_0072583
http://identifiers.org/ensembl/ENSG00000197879	http://purl.obolibrary.org/obo/GO_0006909
http://identifiers.org/ensembl/ENSG00000197943	http://purl.obolibrary.org/obo/GO_0044351
http://identifiers.org/ensembl/ENSG00000197959	http://purl.obolibrary.org/obo/GO_0072583
http://identifiers.org/ensembl/ENSG00000198087	http://purl.obolibrary.org/obo/GO_0072583
http://identifiers.org/ensembl/ENSG00000198670	http://purl.obolibrary.org/obo/GO_0072583
http://identifiers.org/ensembl/ENSG00000204444	http://purl.obolibrary.org/obo/GO_0072583
http://identifiers.org/ensembl/ENSG00000205302	http://purl.obolibrary.org/obo/GO_0044351
http://identifiers.org/ensembl/ENSG00000205726	http://purl.obolibrary.org/obo/GO_0072583
http://identifiers.org/ensembl/ENSG00000205726	http://purl.obolibrary.org/obo/GO_0072584
http://identifiers.org/ensembl/ENSG00000213281	http://purl.obolibrary.org/obo/GO_0044351
http://identifiers.org/ensembl/ENSG00000213886	http://purl.obolibrary.org/obo/GO_0072583
http://identifiers.org/ensembl/ENSG00000213949	http://purl.obolibrary.org/obo/GO_0072584
http://identifiers.org/ensembl/ENSG00000213983	http://purl.obolibrary.org/obo/GO_0072583
http://identifiers.org/ensembl/ENSG00000221823	http://purl.obolibrary.org/obo/GO_0072583
http://identifiers.org/ensembl/ENSG00000221838	http://purl.obolibrary.org/obo/GO_0072583
http://identifiers.org/ensembl/ENSG00000221983	http://purl.obolibrary.org/obo/GO_0072583
http://identifiers.org/ensembl/ENSG00000228278	http://purl.obolibrary.org/obo/GO_0072583
http://identifiers.org/ensembl/ENSG00000229314	http://purl.obolibrary.org/obo/GO_0072583
http://identifiers.org/ensembl/ENSG00000234906	http://purl.obolibrary.org/obo/GO_0072583
http://identifiers.org/ensembl/ENSG00000239672	http://purl.obolibrary.org/obo/GO_0160294
http://identifiers.org/ensembl/ENSG00000241553	http://purl.obolibrary.org/obo/GO_0006909
http://identifiers.org/ensembl/ENSG00000241553	http://purl.obolibrary.org/obo/GO_0072583
http://identifiers.org/ensembl/ENSG00000241685	http://purl.obolibrary.org/obo/GO_0006909
http://identifiers.org/ensembl/ENSG00000241685	http://purl.obolibrary.org/obo/GO_0072583
http://identifiers.org/ensembl/ENSG00000242616	http://purl.obolibrary.org/obo/GO_0006909
http://identifiers.org/ensembl/ENSG00000242802	http://purl.obolibrary.org/obo/GO_0072583
http://identifiers.org/ensembl/ENSG00000254087	http://purl.obolibrary.org/obo/GO_0006909
http://identifiers.org/ensembl/ENSG00000254470	http://purl.obolibrary.org/obo/GO_0072583
http://identifiers.org/ensembl/ENSG00000254598	http://purl.obolibrary.org/obo/GO_0072583
http://identifiers.org/ensembl/ENSG00000254999	http://purl.obolibrary.org/obo/GO_0160294
http://identifiers.org/ensembl/ENSG00000259207	http://purl.obolibrary.org/obo/GO_0044351
http://identifiers.org/ensembl/ENSG00000259207	http://purl.obolibrary.org/obo/GO_0072584
http://identifiers.org/ensembl/ENSG00000260314	http://purl.obolibrary.org/obo/GO_0044351
http://identifiers.org/ensembl/ENSG00000263020	http://purl.obolibrary.org/obo/GO_0072583
http://identifiers.org/ensembl/ENSG00000267467	http://purl.obolibrary.org/obo/GO_0072583
http://identifiers.org/ensembl/ENSG00000273749	http://purl.obolibrary.org/obo/GO_0160294
http://identifiers.org/ensembl/ENSG00000276231	http://purl.obolibrary.org/obo/GO_0044351
http://identifiers.org/ensembl/ENSG00000276231	http://purl.obolibrary.org/obo/GO_0072583
http://identifiers.org/ensembl/ENSG00000277443	http://purl.obolibrary.org/obo/GO_0006909
http://identifiers.org/ensembl/ENSG00000283980	http://purl.obolibrary.org/obo/GO_0006909
